DEBUG    [2025-09-13 21:19:00,721] Using proactor: IocpProactor
DEBUG    [2025-09-13 21:19:00,723] Make request: "getMe" with data: "{}" and files "None"
DEBUG    [2025-09-13 21:19:00,913] Response for getMe: [200] "'{"ok":true,"result":{"id":8283224834,"is_bot":true,"first_name":"Note Bot","username":"NNNoteBot","can_join_groups":true,"can_read_all_group_messages":false,"supports_inline_queries":false,"can_connect_to_business":false,"has_main_web_app":false}}'"
INFO     [2025-09-13 21:19:00,913] Bot: Note Bot [@NNNoteBot]
DEBUG    [2025-09-13 21:19:00,913] Make request: "getWebhookInfo" with data: "{}" and files "None"
DEBUG    [2025-09-13 21:19:01,045] Response for getWebhookInfo: [200] "'{"ok":true,"result":{"url":"","has_custom_certificate":false,"pending_update_count":0,"allowed_updates":["message"]}}'"
DEBUG    [2025-09-13 21:19:01,045] Make request: "deleteWebhook" with data: "{'drop_pending_updates': True}" and files "None"
DEBUG    [2025-09-13 21:19:01,099] Response for deleteWebhook: [200] "'{"ok":true,"result":true,"description":"Webhook is already deleted"}'"
WARNING  [2025-09-13 21:19:01,099] Updates were skipped successfully.
INFO     [2025-09-13 21:19:01,099] Start polling.
DEBUG    [2025-09-13 21:19:01,099] Make request: "getWebhookInfo" with data: "{}" and files "None"
DEBUG    [2025-09-13 21:19:01,151] Response for getWebhookInfo: [200] "'{"ok":true,"result":{"url":"","has_custom_certificate":false,"pending_update_count":0,"allowed_updates":["message"]}}'"
DEBUG    [2025-09-13 21:19:01,151] Make request: "getUpdates" with data: "{'timeout': 20}" and files "None"
INFO     [2025-09-13 21:19:02,348] Stop polling...
WARNING  [2025-09-13 21:19:02,348] Goodbye!
INFO     [2025-09-13 21:19:02,348] Bot: Note Bot [@NNNoteBot]
DEBUG    [2025-09-13 21:19:02,348] Make request: "getWebhookInfo" with data: "{}" and files "None"
DEBUG    [2025-09-13 21:19:02,503] Response for getWebhookInfo: [200] "'{"ok":true,"result":{"url":"","has_custom_certificate":false,"pending_update_count":0,"allowed_updates":["message"]}}'"
DEBUG    [2025-09-13 21:19:02,503] Make request: "deleteWebhook" with data: "{'drop_pending_updates': True}" and files "None"
DEBUG    [2025-09-13 21:19:02,553] Response for deleteWebhook: [200] "'{"ok":true,"result":true,"description":"Webhook is already deleted"}'"
WARNING  [2025-09-13 21:19:02,553] Updates were skipped successfully.
INFO     [2025-09-13 21:19:02,554] Start polling.
DEBUG    [2025-09-13 21:19:02,554] Make request: "getWebhookInfo" with data: "{}" and files "None"
DEBUG    [2025-09-13 21:19:02,603] Response for getWebhookInfo: [200] "'{"ok":true,"result":{"url":"","has_custom_certificate":false,"pending_update_count":0,"allowed_updates":["message"]}}'"
DEBUG    [2025-09-13 21:19:02,603] Make request: "getUpdates" with data: "{'timeout': 20}" and files "None"
ERROR    [2025-09-13 21:19:02,662] Cause exception while getting updates.
Traceback (most recent call last):
  File "C:\Users\georg\PycharmProjects\NoteBot\.venv\lib\site-packages\aiogram\bot\api.py", line 139, in make_request
    async with session.post(url, data=req, **kwargs) as response:
  File "C:\Users\georg\PycharmProjects\NoteBot\.venv\lib\site-packages\aiohttp\client.py", line 1167, in __aenter__
    self._resp = await self._coro
  File "C:\Users\georg\PycharmProjects\NoteBot\.venv\lib\site-packages\aiohttp\client.py", line 586, in _request
    await resp.start(conn)
  File "C:\Users\georg\PycharmProjects\NoteBot\.venv\lib\site-packages\aiohttp\client_reqrep.py", line 905, in start
    message, payload = await protocol.read()  # type: ignore[union-attr]
  File "C:\Users\georg\PycharmProjects\NoteBot\.venv\lib\site-packages\aiohttp\streams.py", line 616, in read
    await self._waiter
aiohttp.client_exceptions.ClientOSError: [Errno 1] [SSL: APPLICATION_DATA_AFTER_CLOSE_NOTIFY] application data after close notify (_ssl.c:2702)

During handling of the above exception, another exception occurred:

Traceback (most recent call last):
  File "C:\Users\georg\PycharmProjects\NoteBot\.venv\lib\site-packages\aiogram\dispatcher\dispatcher.py", line 382, in start_polling
    updates = await self.bot.get_updates(
  File "C:\Users\georg\PycharmProjects\NoteBot\.venv\lib\site-packages\aiogram\bot\bot.py", line 110, in get_updates
    result = await self.request(api.Methods.GET_UPDATES, payload)
  File "C:\Users\georg\PycharmProjects\NoteBot\.venv\lib\site-packages\aiogram\bot\base.py", line 236, in request
    return await api.make_request(await self.get_session(), self.server, self.__token, method, data, files,
  File "C:\Users\georg\PycharmProjects\NoteBot\.venv\lib\site-packages\aiogram\bot\api.py", line 142, in make_request
    raise exceptions.NetworkError(f"aiohttp client throws an error: {e.__class__.__name__}: {e}")
aiogram.utils.exceptions.NetworkError: Aiohttp client throws an error: ClientOSError: [Errno 1] [SSL: APPLICATION_DATA_AFTER_CLOSE_NOTIFY] application data after close notify (_ssl.c:2702)
DEBUG    [2025-09-13 21:20:28,388] Using proactor: IocpProactor
DEBUG    [2025-09-13 21:20:28,390] Make request: "getMe" with data: "{}" and files "None"
DEBUG    [2025-09-13 21:20:28,538] Response for getMe: [200] "'{"ok":true,"result":{"id":8283224834,"is_bot":true,"first_name":"Note Bot","username":"NNNoteBot","can_join_groups":true,"can_read_all_group_messages":false,"supports_inline_queries":false,"can_connect_to_business":false,"has_main_web_app":false}}'"
INFO     [2025-09-13 21:20:28,538] Bot: Note Bot [@NNNoteBot]
DEBUG    [2025-09-13 21:20:28,538] Make request: "getWebhookInfo" with data: "{}" and files "None"
DEBUG    [2025-09-13 21:20:28,585] Response for getWebhookInfo: [200] "'{"ok":true,"result":{"url":"","has_custom_certificate":false,"pending_update_count":0,"allowed_updates":["message"]}}'"
DEBUG    [2025-09-13 21:20:28,585] Make request: "deleteWebhook" with data: "{'drop_pending_updates': True}" and files "None"
DEBUG    [2025-09-13 21:20:28,631] Response for deleteWebhook: [200] "'{"ok":true,"result":true,"description":"Webhook is already deleted"}'"
WARNING  [2025-09-13 21:20:28,631] Updates were skipped successfully.
INFO     [2025-09-13 21:20:28,631] Start polling.
DEBUG    [2025-09-13 21:20:28,632] Make request: "getWebhookInfo" with data: "{}" and files "None"
DEBUG    [2025-09-13 21:20:28,676] Response for getWebhookInfo: [200] "'{"ok":true,"result":{"url":"","has_custom_certificate":false,"pending_update_count":0,"allowed_updates":["message"]}}'"
DEBUG    [2025-09-13 21:20:28,678] Make request: "getUpdates" with data: "{'timeout': 20}" and files "None"
DEBUG    [2025-09-13 21:20:43,015] Response for getUpdates: [200] "'{"ok":true,"result":[{"update_id":513136040,\n"message":{"message_id":125,"from":{"id":6570278434,"is_bot":false,"first_name":"\\u0413\\u0435\\u043e\\u0440\\u0433\\u0438\\u0439","username":"gggeorgigg","language_code":"ru"},"chat":{"id":6570278434,"first_name":"\\u0413\\u0435\\u043e\\u0440\\u0433\\u0438\\u0439","username":"gggeorgigg","type":"private"},"date":1757787643,"text":"/start","entities":[{"offset":0,"length":6,"type":"bot_command"}]}}]}'"
DEBUG    [2025-09-13 21:20:43,016] Received 1 updates.
DEBUG    [2025-09-13 21:20:43,016] Make request: "sendMessage" with data: "{'chat_id': 6570278434, 'text': 'Выберите действие:', 'reply_markup': '{"keyboard": [["Список заметок"], ["Добавить заметку"]], "resize_keyboard": true}'}" and files "None"
DEBUG    [2025-09-13 21:20:43,117] Make request: "getUpdates" with data: "{'offset': 513136041, 'timeout': 20}" and files "None"
DEBUG    [2025-09-13 21:20:43,120] Response for sendMessage: [200] "'{"ok":true,"result":{"message_id":126,"from":{"id":8283224834,"is_bot":true,"first_name":"Note Bot","username":"NNNoteBot"},"chat":{"id":6570278434,"first_name":"\\u0413\\u0435\\u043e\\u0440\\u0433\\u0438\\u0439","username":"gggeorgigg","type":"private"},"date":1757787643,"text":"\\u0412\\u044b\\u0431\\u0435\\u0440\\u0438\\u0442\\u0435 \\u0434\\u0435\\u0439\\u0441\\u0442\\u0432\\u0438\\u0435:"}}'"
DEBUG    [2025-09-13 21:20:49,977] Response for getUpdates: [200] "'{"ok":true,"result":[{"update_id":513136041,\n"message":{"message_id":127,"from":{"id":6570278434,"is_bot":false,"first_name":"\\u0413\\u0435\\u043e\\u0440\\u0433\\u0438\\u0439","username":"gggeorgigg","language_code":"ru"},"chat":{"id":6570278434,"first_name":"\\u0413\\u0435\\u043e\\u0440\\u0433\\u0438\\u0439","username":"gggeorgigg","type":"private"},"date":1757787650,"text":"\\u0421\\u043f\\u0438\\u0441\\u043e\\u043a \\u0437\\u0430\\u043c\\u0435\\u0442\\u043e\\u043a"}}]}'"
DEBUG    [2025-09-13 21:20:49,978] Received 1 updates.
DEBUG    [2025-09-13 21:20:49,982] Make request: "sendMessage" with data: "{'chat_id': 6570278434, 'text': '\U0001f937\u200d У вас нет сохраненных заметок.', 'parse_mode': 'Markdown', 'reply_markup': '{"keyboard": [["Список заметок"], ["Добавить заметку"]], "resize_keyboard": true}'}" and files "None"
DEBUG    [2025-09-13 21:20:50,062] Response for sendMessage: [200] "'{"ok":true,"result":{"message_id":128,"from":{"id":8283224834,"is_bot":true,"first_name":"Note Bot","username":"NNNoteBot"},"chat":{"id":6570278434,"first_name":"\\u0413\\u0435\\u043e\\u0440\\u0433\\u0438\\u0439","username":"gggeorgigg","type":"private"},"date":1757787650,"text":"\\ud83e\\udd37\\u200d \\u0423 \\u0432\\u0430\\u0441 \\u043d\\u0435\\u0442 \\u0441\\u043e\\u0445\\u0440\\u0430\\u043d\\u0435\\u043d\\u043d\\u044b\\u0445 \\u0437\\u0430\\u043c\\u0435\\u0442\\u043e\\u043a."}}'"
DEBUG    [2025-09-13 21:20:50,099] Make request: "getUpdates" with data: "{'offset': 513136042, 'timeout': 20}" and files "None"
DEBUG    [2025-09-13 21:20:51,910] Response for getUpdates: [200] "'{"ok":true,"result":[{"update_id":513136042,\n"message":{"message_id":129,"from":{"id":6570278434,"is_bot":false,"first_name":"\\u0413\\u0435\\u043e\\u0440\\u0433\\u0438\\u0439","username":"gggeorgigg","language_code":"ru"},"chat":{"id":6570278434,"first_name":"\\u0413\\u0435\\u043e\\u0440\\u0433\\u0438\\u0439","username":"gggeorgigg","type":"private"},"date":1757787652,"text":"\\u0414\\u043e\\u0431\\u0430\\u0432\\u0438\\u0442\\u044c \\u0437\\u0430\\u043c\\u0435\\u0442\\u043a\\u0443"}}]}'"
DEBUG    [2025-09-13 21:20:51,910] Received 1 updates.
DEBUG    [2025-09-13 21:20:51,912] Make request: "sendMessage" with data: "{'chat_id': 6570278434, 'text': '\U0001f5d3 Введите время в формате *ГГГГ-ММ-ДД ЧЧ:ММ*:', 'parse_mode': 'Markdown', 'reply_markup': '{"keyboard": [["Отмена"]], "resize_keyboard": true}'}" and files "None"
DEBUG    [2025-09-13 21:20:51,984] Response for sendMessage: [200] "'{"ok":true,"result":{"message_id":130,"from":{"id":8283224834,"is_bot":true,"first_name":"Note Bot","username":"NNNoteBot"},"chat":{"id":6570278434,"first_name":"\\u0413\\u0435\\u043e\\u0440\\u0433\\u0438\\u0439","username":"gggeorgigg","type":"private"},"date":1757787652,"text":"\\ud83d\\uddd3 \\u0412\\u0432\\u0435\\u0434\\u0438\\u0442\\u0435 \\u0432\\u0440\\u0435\\u043c\\u044f \\u0432 \\u0444\\u043e\\u0440\\u043c\\u0430\\u0442\\u0435 \\u0413\\u0413\\u0413\\u0413-\\u041c\\u041c-\\u0414\\u0414 \\u0427\\u0427:\\u041c\\u041c:","entities":[{"offset":27,"length":16,"type":"bold"}]}}'"
DEBUG    [2025-09-13 21:20:52,022] Make request: "getUpdates" with data: "{'offset': 513136043, 'timeout': 20}" and files "None"
DEBUG    [2025-09-13 21:21:11,703] Response for getUpdates: [200] "'{"ok":true,"result":[{"update_id":513136043,\n"message":{"message_id":131,"from":{"id":6570278434,"is_bot":false,"first_name":"\\u0413\\u0435\\u043e\\u0440\\u0433\\u0438\\u0439","username":"gggeorgigg","language_code":"ru"},"chat":{"id":6570278434,"first_name":"\\u0413\\u0435\\u043e\\u0440\\u0433\\u0438\\u0439","username":"gggeorgigg","type":"private"},"date":1757787671,"text":"2025-09-13 21:23"}}]}'"
DEBUG    [2025-09-13 21:21:11,704] Received 1 updates.
DEBUG    [2025-09-13 21:21:11,710] Make request: "sendMessage" with data: "{'chat_id': 6570278434, 'text': '\U0001f4ac Введите текст заметки:'}" and files "None"
DEBUG    [2025-09-13 21:21:11,806] Make request: "getUpdates" with data: "{'offset': 513136044, 'timeout': 20}" and files "None"
DEBUG    [2025-09-13 21:21:11,834] Response for sendMessage: [200] "'{"ok":true,"result":{"message_id":132,"from":{"id":8283224834,"is_bot":true,"first_name":"Note Bot","username":"NNNoteBot"},"chat":{"id":6570278434,"first_name":"\\u0413\\u0435\\u043e\\u0440\\u0433\\u0438\\u0439","username":"gggeorgigg","type":"private"},"date":1757787672,"text":"\\ud83d\\udcac \\u0412\\u0432\\u0435\\u0434\\u0438\\u0442\\u0435 \\u0442\\u0435\\u043a\\u0441\\u0442 \\u0437\\u0430\\u043c\\u0435\\u0442\\u043a\\u0438:"}}'"
DEBUG    [2025-09-13 21:21:14,325] Response for getUpdates: [200] "'{"ok":true,"result":[{"update_id":513136044,\n"message":{"message_id":133,"from":{"id":6570278434,"is_bot":false,"first_name":"\\u0413\\u0435\\u043e\\u0440\\u0433\\u0438\\u0439","username":"gggeorgigg","language_code":"ru"},"chat":{"id":6570278434,"first_name":"\\u0413\\u0435\\u043e\\u0440\\u0433\\u0438\\u0439","username":"gggeorgigg","type":"private"},"date":1757787674,"text":"HI"}}]}'"
DEBUG    [2025-09-13 21:21:14,326] Received 1 updates.
DEBUG    [2025-09-13 21:21:14,335] Make request: "sendMessage" with data: "{'chat_id': 6570278434, 'text': '\u2705 *Заметка сохранена:* HI\n*Дата и время:* 2025-09-13 21:23', 'parse_mode': 'Markdown', 'reply_markup': '{"keyboard": [["Список заметок"], ["Добавить заметку"]], "resize_keyboard": true}'}" and files "None"
DEBUG    [2025-09-13 21:21:14,410] Response for sendMessage: [200] "'{"ok":true,"result":{"message_id":134,"from":{"id":8283224834,"is_bot":true,"first_name":"Note Bot","username":"NNNoteBot"},"chat":{"id":6570278434,"first_name":"\\u0413\\u0435\\u043e\\u0440\\u0433\\u0438\\u0439","username":"gggeorgigg","type":"private"},"date":1757787674,"text":"\\u2705 \\u0417\\u0430\\u043c\\u0435\\u0442\\u043a\\u0430 \\u0441\\u043e\\u0445\\u0440\\u0430\\u043d\\u0435\\u043d\\u0430: HI\\n\\u0414\\u0430\\u0442\\u0430 \\u0438 \\u0432\\u0440\\u0435\\u043c\\u044f: 2025-09-13 21:23","entities":[{"offset":2,"length":18,"type":"bold"},{"offset":24,"length":13,"type":"bold"}]}}'"
DEBUG    [2025-09-13 21:21:14,412] Make request: "getUpdates" with data: "{'offset': 513136045, 'timeout': 20}" and files "None"
DEBUG    [2025-09-13 21:21:16,762] Response for getUpdates: [200] "'{"ok":true,"result":[{"update_id":513136045,\n"message":{"message_id":135,"from":{"id":6570278434,"is_bot":false,"first_name":"\\u0413\\u0435\\u043e\\u0440\\u0433\\u0438\\u0439","username":"gggeorgigg","language_code":"ru"},"chat":{"id":6570278434,"first_name":"\\u0413\\u0435\\u043e\\u0440\\u0433\\u0438\\u0439","username":"gggeorgigg","type":"private"},"date":1757787677,"text":"\\u0421\\u043f\\u0438\\u0441\\u043e\\u043a \\u0437\\u0430\\u043c\\u0435\\u0442\\u043e\\u043a"}}]}'"
DEBUG    [2025-09-13 21:21:16,763] Received 1 updates.
DEBUG    [2025-09-13 21:21:16,764] Make request: "sendMessage" with data: "{'chat_id': 6570278434, 'text': '1) *Дата и время:* 2025-09-13 21:23 *Текст:* HI', 'parse_mode': 'Markdown', 'reply_markup': '{"keyboard": [["Список заметок"], ["Добавить заметку"], ["Удалить заметку"]], "resize_keyboard": true}'}" and files "None"
DEBUG    [2025-09-13 21:21:16,835] Response for sendMessage: [200] "'{"ok":true,"result":{"message_id":136,"from":{"id":8283224834,"is_bot":true,"first_name":"Note Bot","username":"NNNoteBot"},"chat":{"id":6570278434,"first_name":"\\u0413\\u0435\\u043e\\u0440\\u0433\\u0438\\u0439","username":"gggeorgigg","type":"private"},"date":1757787677,"text":"1) \\u0414\\u0430\\u0442\\u0430 \\u0438 \\u0432\\u0440\\u0435\\u043c\\u044f: 2025-09-13 21:23 \\u0422\\u0435\\u043a\\u0441\\u0442: HI","entities":[{"offset":3,"length":13,"type":"bold"},{"offset":34,"length":6,"type":"bold"}]}}'"
DEBUG    [2025-09-13 21:21:16,870] Make request: "getUpdates" with data: "{'offset': 513136046, 'timeout': 20}" and files "None"
DEBUG    [2025-09-13 21:21:36,919] Response for getUpdates: [200] "'{"ok":true,"result":[]}'"
DEBUG    [2025-09-13 21:21:37,035] Make request: "getUpdates" with data: "{'offset': 513136046, 'timeout': 20}" and files "None"
DEBUG    [2025-09-13 21:21:57,084] Response for getUpdates: [200] "'{"ok":true,"result":[]}'"
DEBUG    [2025-09-13 21:21:57,184] Make request: "getUpdates" with data: "{'offset': 513136046, 'timeout': 20}" and files "None"
DEBUG    [2025-09-13 21:22:17,232] Response for getUpdates: [200] "'{"ok":true,"result":[]}'"
DEBUG    [2025-09-13 21:22:17,336] Make request: "getUpdates" with data: "{'offset': 513136046, 'timeout': 20}" and files "None"
DEBUG    [2025-09-13 21:22:37,383] Response for getUpdates: [200] "'{"ok":true,"result":[]}'"
DEBUG    [2025-09-13 21:22:37,494] Make request: "getUpdates" with data: "{'offset': 513136046, 'timeout': 20}" and files "None"
DEBUG    [2025-09-13 21:22:57,542] Response for getUpdates: [200] "'{"ok":true,"result":[]}'"
DEBUG    [2025-09-13 21:22:57,646] Make request: "getUpdates" with data: "{'offset': 513136046, 'timeout': 20}" and files "None"
DEBUG    [2025-09-13 21:23:17,693] Response for getUpdates: [200] "'{"ok":true,"result":[]}'"
DEBUG    [2025-09-13 21:23:17,808] Make request: "getUpdates" with data: "{'offset': 513136046, 'timeout': 20}" and files "None"
DEBUG    [2025-09-13 21:23:28,421] Make request: "sendMessage" with data: "{'chat_id': 6570278434, 'text': '\U0001f514*Напоминание:* HI', 'parse_mode': 'Markdown'}" and files "None"
DEBUG    [2025-09-13 21:23:28,601] Response for sendMessage: [200] "'{"ok":true,"result":{"message_id":137,"from":{"id":8283224834,"is_bot":true,"first_name":"Note Bot","username":"NNNoteBot"},"chat":{"id":6570278434,"first_name":"\\u0413\\u0435\\u043e\\u0440\\u0433\\u0438\\u0439","username":"gggeorgigg","type":"private"},"date":1757787808,"text":"\\ud83d\\udd14\\u041d\\u0430\\u043f\\u043e\\u043c\\u0438\\u043d\\u0430\\u043d\\u0438\\u0435: HI","entities":[{"offset":2,"length":12,"type":"bold"}]}}'"
DEBUG    [2025-09-13 21:23:37,855] Response for getUpdates: [200] "'{"ok":true,"result":[]}'"
DEBUG    [2025-09-13 21:23:37,970] Make request: "getUpdates" with data: "{'offset': 513136046, 'timeout': 20}" and files "None"
DEBUG    [2025-09-13 21:23:58,016] Response for getUpdates: [200] "'{"ok":true,"result":[]}'"
DEBUG    [2025-09-13 21:23:58,123] Make request: "getUpdates" with data: "{'offset': 513136046, 'timeout': 20}" and files "None"
DEBUG    [2025-09-13 21:24:18,186] Response for getUpdates: [200] "'{"ok":true,"result":[]}'"
DEBUG    [2025-09-13 21:24:18,293] Make request: "getUpdates" with data: "{'offset': 513136046, 'timeout': 20}" and files "None"
DEBUG    [2025-09-13 21:24:38,340] Response for getUpdates: [200] "'{"ok":true,"result":[]}'"
DEBUG    [2025-09-13 21:24:38,445] Make request: "getUpdates" with data: "{'offset': 513136046, 'timeout': 20}" and files "None"
DEBUG    [2025-09-13 21:24:58,493] Response for getUpdates: [200] "'{"ok":true,"result":[]}'"
DEBUG    [2025-09-13 21:24:58,594] Make request: "getUpdates" with data: "{'offset': 513136046, 'timeout': 20}" and files "None"
DEBUG    [2025-09-13 21:25:18,643] Response for getUpdates: [200] "'{"ok":true,"result":[]}'"
DEBUG    [2025-09-13 21:25:18,747] Make request: "getUpdates" with data: "{'offset': 513136046, 'timeout': 20}" and files "None"
DEBUG    [2025-09-13 21:25:38,795] Response for getUpdates: [200] "'{"ok":true,"result":[]}'"
DEBUG    [2025-09-13 21:25:38,897] Make request: "getUpdates" with data: "{'offset': 513136046, 'timeout': 20}" and files "None"
DEBUG    [2025-09-13 21:25:58,943] Response for getUpdates: [200] "'{"ok":true,"result":[]}'"
DEBUG    [2025-09-13 21:25:59,058] Make request: "getUpdates" with data: "{'offset': 513136046, 'timeout': 20}" and files "None"
DEBUG    [2025-09-13 21:26:19,105] Response for getUpdates: [200] "'{"ok":true,"result":[]}'"
DEBUG    [2025-09-13 21:26:19,213] Make request: "getUpdates" with data: "{'offset': 513136046, 'timeout': 20}" and files "None"
DEBUG    [2025-09-13 21:26:39,260] Response for getUpdates: [200] "'{"ok":true,"result":[]}'"
DEBUG    [2025-09-13 21:26:39,371] Make request: "getUpdates" with data: "{'offset': 513136046, 'timeout': 20}" and files "None"
DEBUG    [2025-09-13 21:26:59,418] Response for getUpdates: [200] "'{"ok":true,"result":[]}'"
DEBUG    [2025-09-13 21:26:59,522] Make request: "getUpdates" with data: "{'offset': 513136046, 'timeout': 20}" and files "None"
DEBUG    [2025-09-13 21:27:19,570] Response for getUpdates: [200] "'{"ok":true,"result":[]}'"
DEBUG    [2025-09-13 21:27:19,672] Make request: "getUpdates" with data: "{'offset': 513136046, 'timeout': 20}" and files "None"
DEBUG    [2025-09-13 21:27:39,720] Response for getUpdates: [200] "'{"ok":true,"result":[]}'"
DEBUG    [2025-09-13 21:27:39,826] Make request: "getUpdates" with data: "{'offset': 513136046, 'timeout': 20}" and files "None"
DEBUG    [2025-09-13 21:27:48,430] Response for getUpdates: [200] "'{"ok":true,"result":[{"update_id":513136046,\n"message":{"message_id":138,"from":{"id":1182452784,"is_bot":false,"first_name":"vovkaban","username":"vovkaban335","language_code":"ru"},"chat":{"id":1182452784,"first_name":"vovkaban","username":"vovkaban335","type":"private"},"date":1757788068,"text":"/start","entities":[{"offset":0,"length":6,"type":"bot_command"}]}}]}'"
DEBUG    [2025-09-13 21:27:48,430] Received 1 updates.
DEBUG    [2025-09-13 21:27:48,431] Make request: "sendMessage" with data: "{'chat_id': 1182452784, 'text': 'Выберите действие:', 'reply_markup': '{"keyboard": [["Список заметок"], ["Добавить заметку"]], "resize_keyboard": true}'}" and files "None"
DEBUG    [2025-09-13 21:27:48,503] Response for sendMessage: [200] "'{"ok":true,"result":{"message_id":139,"from":{"id":8283224834,"is_bot":true,"first_name":"Note Bot","username":"NNNoteBot"},"chat":{"id":1182452784,"first_name":"vovkaban","username":"vovkaban335","type":"private"},"date":1757788068,"text":"\\u0412\\u044b\\u0431\\u0435\\u0440\\u0438\\u0442\\u0435 \\u0434\\u0435\\u0439\\u0441\\u0442\\u0432\\u0438\\u0435:"}}'"
DEBUG    [2025-09-13 21:27:48,538] Make request: "getUpdates" with data: "{'offset': 513136047, 'timeout': 20}" and files "None"
DEBUG    [2025-09-13 21:28:08,585] Response for getUpdates: [200] "'{"ok":true,"result":[]}'"
DEBUG    [2025-09-13 21:28:08,699] Make request: "getUpdates" with data: "{'offset': 513136047, 'timeout': 20}" and files "None"
DEBUG    [2025-09-13 21:28:28,750] Response for getUpdates: [200] "'{"ok":true,"result":[]}'"
DEBUG    [2025-09-13 21:28:28,854] Make request: "getUpdates" with data: "{'offset': 513136047, 'timeout': 20}" and files "None"
DEBUG    [2025-09-13 21:28:48,902] Response for getUpdates: [200] "'{"ok":true,"result":[]}'"
DEBUG    [2025-09-13 21:28:49,013] Make request: "getUpdates" with data: "{'offset': 513136047, 'timeout': 20}" and files "None"
DEBUG    [2025-09-13 21:29:09,063] Response for getUpdates: [200] "'{"ok":true,"result":[]}'"
DEBUG    [2025-09-13 21:29:09,170] Make request: "getUpdates" with data: "{'offset': 513136047, 'timeout': 20}" and files "None"
DEBUG    [2025-09-13 21:29:29,219] Response for getUpdates: [200] "'{"ok":true,"result":[]}'"
DEBUG    [2025-09-13 21:29:29,329] Make request: "getUpdates" with data: "{'offset': 513136047, 'timeout': 20}" and files "None"
DEBUG    [2025-09-13 21:29:49,376] Response for getUpdates: [200] "'{"ok":true,"result":[]}'"
DEBUG    [2025-09-13 21:29:49,476] Make request: "getUpdates" with data: "{'offset': 513136047, 'timeout': 20}" and files "None"
DEBUG    [2025-09-13 21:30:09,523] Response for getUpdates: [200] "'{"ok":true,"result":[]}'"
DEBUG    [2025-09-13 21:30:09,638] Make request: "getUpdates" with data: "{'offset': 513136047, 'timeout': 20}" and files "None"
DEBUG    [2025-09-13 21:30:29,686] Response for getUpdates: [200] "'{"ok":true,"result":[]}'"
DEBUG    [2025-09-13 21:30:29,795] Make request: "getUpdates" with data: "{'offset': 513136047, 'timeout': 20}" and files "None"
DEBUG    [2025-09-13 21:30:49,845] Response for getUpdates: [200] "'{"ok":true,"result":[]}'"
DEBUG    [2025-09-13 21:30:49,953] Make request: "getUpdates" with data: "{'offset': 513136047, 'timeout': 20}" and files "None"
DEBUG    [2025-09-13 21:31:10,002] Response for getUpdates: [200] "'{"ok":true,"result":[]}'"
DEBUG    [2025-09-13 21:31:10,117] Make request: "getUpdates" with data: "{'offset': 513136047, 'timeout': 20}" and files "None"
DEBUG    [2025-09-13 21:31:30,165] Response for getUpdates: [200] "'{"ok":true,"result":[]}'"
DEBUG    [2025-09-13 21:31:30,267] Make request: "getUpdates" with data: "{'offset': 513136047, 'timeout': 20}" and files "None"
DEBUG    [2025-09-13 21:31:50,314] Response for getUpdates: [200] "'{"ok":true,"result":[]}'"
DEBUG    [2025-09-13 21:31:50,427] Make request: "getUpdates" with data: "{'offset': 513136047, 'timeout': 20}" and files "None"
DEBUG    [2025-09-13 21:32:10,474] Response for getUpdates: [200] "'{"ok":true,"result":[]}'"
DEBUG    [2025-09-13 21:32:10,591] Make request: "getUpdates" with data: "{'offset': 513136047, 'timeout': 20}" and files "None"
DEBUG    [2025-09-13 21:32:30,638] Response for getUpdates: [200] "'{"ok":true,"result":[]}'"
DEBUG    [2025-09-13 21:32:30,754] Make request: "getUpdates" with data: "{'offset': 513136047, 'timeout': 20}" and files "None"
DEBUG    [2025-09-13 21:32:50,799] Response for getUpdates: [200] "'{"ok":true,"result":[]}'"
DEBUG    [2025-09-13 21:32:50,903] Make request: "getUpdates" with data: "{'offset': 513136047, 'timeout': 20}" and files "None"
DEBUG    [2025-09-13 21:33:10,956] Response for getUpdates: [200] "'{"ok":true,"result":[]}'"
DEBUG    [2025-09-13 21:33:11,062] Make request: "getUpdates" with data: "{'offset': 513136047, 'timeout': 20}" and files "None"
DEBUG    [2025-09-13 21:33:31,110] Response for getUpdates: [200] "'{"ok":true,"result":[]}'"
DEBUG    [2025-09-13 21:33:31,215] Make request: "getUpdates" with data: "{'offset': 513136047, 'timeout': 20}" and files "None"
DEBUG    [2025-09-13 21:33:51,260] Response for getUpdates: [200] "'{"ok":true,"result":[]}'"
DEBUG    [2025-09-13 21:33:51,368] Make request: "getUpdates" with data: "{'offset': 513136047, 'timeout': 20}" and files "None"
DEBUG    [2025-09-13 21:34:11,417] Response for getUpdates: [200] "'{"ok":true,"result":[]}'"
DEBUG    [2025-09-13 21:34:11,531] Make request: "getUpdates" with data: "{'offset': 513136047, 'timeout': 20}" and files "None"
DEBUG    [2025-09-13 21:34:31,578] Response for getUpdates: [200] "'{"ok":true,"result":[]}'"
DEBUG    [2025-09-13 21:34:31,685] Make request: "getUpdates" with data: "{'offset': 513136047, 'timeout': 20}" and files "None"
DEBUG    [2025-09-13 21:34:51,737] Response for getUpdates: [200] "'{"ok":true,"result":[]}'"
DEBUG    [2025-09-13 21:34:51,839] Make request: "getUpdates" with data: "{'offset': 513136047, 'timeout': 20}" and files "None"
DEBUG    [2025-09-13 21:35:11,887] Response for getUpdates: [200] "'{"ok":true,"result":[]}'"
DEBUG    [2025-09-13 21:35:11,994] Make request: "getUpdates" with data: "{'offset': 513136047, 'timeout': 20}" and files "None"
DEBUG    [2025-09-13 21:35:32,042] Response for getUpdates: [200] "'{"ok":true,"result":[]}'"
DEBUG    [2025-09-13 21:35:32,149] Make request: "getUpdates" with data: "{'offset': 513136047, 'timeout': 20}" and files "None"
DEBUG    [2025-09-13 21:35:52,196] Response for getUpdates: [200] "'{"ok":true,"result":[]}'"
DEBUG    [2025-09-13 21:35:52,299] Make request: "getUpdates" with data: "{'offset': 513136047, 'timeout': 20}" and files "None"
DEBUG    [2025-09-13 21:36:12,350] Response for getUpdates: [200] "'{"ok":true,"result":[]}'"
DEBUG    [2025-09-13 21:36:12,464] Make request: "getUpdates" with data: "{'offset': 513136047, 'timeout': 20}" and files "None"
DEBUG    [2025-09-13 21:36:32,512] Response for getUpdates: [200] "'{"ok":true,"result":[]}'"
DEBUG    [2025-09-13 21:36:32,621] Make request: "getUpdates" with data: "{'offset': 513136047, 'timeout': 20}" and files "None"
INFO     [2025-09-13 21:36:41,162] Stop polling...
WARNING  [2025-09-13 21:36:41,163] Goodbye!
INFO     [2025-09-13 21:36:41,163] Bot: Note Bot [@NNNoteBot]
DEBUG    [2025-09-13 21:36:41,163] Make request: "getWebhookInfo" with data: "{}" and files "None"
DEBUG    [2025-09-13 21:36:41,327] Response for getWebhookInfo: [200] "'{"ok":true,"result":{"url":"","has_custom_certificate":false,"pending_update_count":0,"allowed_updates":["message"]}}'"
DEBUG    [2025-09-13 21:36:41,327] Make request: "deleteWebhook" with data: "{'drop_pending_updates': True}" and files "None"
DEBUG    [2025-09-13 21:36:41,379] Response for deleteWebhook: [200] "'{"ok":true,"result":true,"description":"Webhook is already deleted"}'"
WARNING  [2025-09-13 21:36:41,379] Updates were skipped successfully.
INFO     [2025-09-13 21:36:41,380] Start polling.
DEBUG    [2025-09-13 21:36:41,380] Make request: "getWebhookInfo" with data: "{}" and files "None"
DEBUG    [2025-09-13 21:36:41,435] Response for getWebhookInfo: [200] "'{"ok":true,"result":{"url":"","has_custom_certificate":false,"pending_update_count":0,"allowed_updates":["message"]}}'"
DEBUG    [2025-09-13 21:36:41,435] Make request: "getUpdates" with data: "{'timeout': 20}" and files "None"
ERROR    [2025-09-13 21:36:41,514] Cause exception while getting updates.
Traceback (most recent call last):
  File "C:\Users\georg\PycharmProjects\NoteBot\.venv\lib\site-packages\aiogram\bot\api.py", line 139, in make_request
    async with session.post(url, data=req, **kwargs) as response:
  File "C:\Users\georg\PycharmProjects\NoteBot\.venv\lib\site-packages\aiohttp\client.py", line 1167, in __aenter__
    self._resp = await self._coro
  File "C:\Users\georg\PycharmProjects\NoteBot\.venv\lib\site-packages\aiohttp\client.py", line 586, in _request
    await resp.start(conn)
  File "C:\Users\georg\PycharmProjects\NoteBot\.venv\lib\site-packages\aiohttp\client_reqrep.py", line 905, in start
    message, payload = await protocol.read()  # type: ignore[union-attr]
  File "C:\Users\georg\PycharmProjects\NoteBot\.venv\lib\site-packages\aiohttp\streams.py", line 616, in read
    await self._waiter
aiohttp.client_exceptions.ClientOSError: [Errno 1] [SSL: APPLICATION_DATA_AFTER_CLOSE_NOTIFY] application data after close notify (_ssl.c:2702)

During handling of the above exception, another exception occurred:

Traceback (most recent call last):
  File "C:\Users\georg\PycharmProjects\NoteBot\.venv\lib\site-packages\aiogram\dispatcher\dispatcher.py", line 382, in start_polling
    updates = await self.bot.get_updates(
  File "C:\Users\georg\PycharmProjects\NoteBot\.venv\lib\site-packages\aiogram\bot\bot.py", line 110, in get_updates
    result = await self.request(api.Methods.GET_UPDATES, payload)
  File "C:\Users\georg\PycharmProjects\NoteBot\.venv\lib\site-packages\aiogram\bot\base.py", line 236, in request
    return await api.make_request(await self.get_session(), self.server, self.__token, method, data, files,
  File "C:\Users\georg\PycharmProjects\NoteBot\.venv\lib\site-packages\aiogram\bot\api.py", line 142, in make_request
    raise exceptions.NetworkError(f"aiohttp client throws an error: {e.__class__.__name__}: {e}")
aiogram.utils.exceptions.NetworkError: Aiohttp client throws an error: ClientOSError: [Errno 1] [SSL: APPLICATION_DATA_AFTER_CLOSE_NOTIFY] application data after close notify (_ssl.c:2702)
DEBUG    [2025-09-13 21:37:10,492] Using proactor: IocpProactor
DEBUG    [2025-09-13 21:37:10,496] Make request: "getMe" with data: "{}" and files "None"
DEBUG    [2025-09-13 21:37:10,673] Response for getMe: [200] "'{"ok":true,"result":{"id":8283224834,"is_bot":true,"first_name":"Note Bot","username":"NNNoteBot","can_join_groups":true,"can_read_all_group_messages":false,"supports_inline_queries":false,"can_connect_to_business":false,"has_main_web_app":false}}'"
INFO     [2025-09-13 21:37:10,673] Bot: Note Bot [@NNNoteBot]
DEBUG    [2025-09-13 21:37:10,673] Make request: "getWebhookInfo" with data: "{}" and files "None"
DEBUG    [2025-09-13 21:37:10,726] Response for getWebhookInfo: [200] "'{"ok":true,"result":{"url":"","has_custom_certificate":false,"pending_update_count":0,"allowed_updates":["message"]}}'"
DEBUG    [2025-09-13 21:37:10,727] Make request: "deleteWebhook" with data: "{'drop_pending_updates': True}" and files "None"
DEBUG    [2025-09-13 21:37:10,779] Response for deleteWebhook: [200] "'{"ok":true,"result":true,"description":"Webhook is already deleted"}'"
WARNING  [2025-09-13 21:37:10,779] Updates were skipped successfully.
INFO     [2025-09-13 21:37:10,779] Start polling.
DEBUG    [2025-09-13 21:37:10,779] Make request: "getWebhookInfo" with data: "{}" and files "None"
DEBUG    [2025-09-13 21:37:10,834] Response for getWebhookInfo: [200] "'{"ok":true,"result":{"url":"","has_custom_certificate":false,"pending_update_count":0,"allowed_updates":["message"]}}'"
DEBUG    [2025-09-13 21:37:10,835] Make request: "getUpdates" with data: "{'timeout': 20}" and files "None"
DEBUG    [2025-09-13 21:37:16,599] Response for getUpdates: [200] "'{"ok":true,"result":[{"update_id":513136047,\n"message":{"message_id":140,"from":{"id":6570278434,"is_bot":false,"first_name":"\\u0413\\u0435\\u043e\\u0440\\u0433\\u0438\\u0439","username":"gggeorgigg","language_code":"ru"},"chat":{"id":6570278434,"first_name":"\\u0413\\u0435\\u043e\\u0440\\u0433\\u0438\\u0439","username":"gggeorgigg","type":"private"},"date":1757788636,"text":"/start","entities":[{"offset":0,"length":6,"type":"bot_command"}]}}]}'"
DEBUG    [2025-09-13 21:37:16,599] Received 1 updates.
DEBUG    [2025-09-13 21:37:16,599] Make request: "sendMessage" with data: "{'chat_id': 6570278434, 'text': 'Выберите действие:', 'reply_markup': '{"keyboard": [["Список заметок"], ["Добавить заметку"]], "resize_keyboard": true}'}" and files "None"
DEBUG    [2025-09-13 21:37:16,680] Response for sendMessage: [200] "'{"ok":true,"result":{"message_id":141,"from":{"id":8283224834,"is_bot":true,"first_name":"Note Bot","username":"NNNoteBot"},"chat":{"id":6570278434,"first_name":"\\u0413\\u0435\\u043e\\u0440\\u0433\\u0438\\u0439","username":"gggeorgigg","type":"private"},"date":1757788636,"text":"\\u0412\\u044b\\u0431\\u0435\\u0440\\u0438\\u0442\\u0435 \\u0434\\u0435\\u0439\\u0441\\u0442\\u0432\\u0438\\u0435:"}}'"
DEBUG    [2025-09-13 21:37:16,716] Make request: "getUpdates" with data: "{'offset': 513136048, 'timeout': 20}" and files "None"
DEBUG    [2025-09-13 21:37:18,090] Response for getUpdates: [200] "'{"ok":true,"result":[{"update_id":513136048,\n"message":{"message_id":142,"from":{"id":6570278434,"is_bot":false,"first_name":"\\u0413\\u0435\\u043e\\u0440\\u0433\\u0438\\u0439","username":"gggeorgigg","language_code":"ru"},"chat":{"id":6570278434,"first_name":"\\u0413\\u0435\\u043e\\u0440\\u0433\\u0438\\u0439","username":"gggeorgigg","type":"private"},"date":1757788638,"text":"\\u0414\\u043e\\u0431\\u0430\\u0432\\u0438\\u0442\\u044c \\u0437\\u0430\\u043c\\u0435\\u0442\\u043a\\u0443"}}]}'"
DEBUG    [2025-09-13 21:37:18,091] Received 1 updates.
DEBUG    [2025-09-13 21:37:18,091] Make request: "sendMessage" with data: "{'chat_id': 6570278434, 'text': '\U0001f5d3 Введите время в формате *ГГГГ-ММ-ДД ЧЧ:ММ*:', 'parse_mode': 'Markdown', 'reply_markup': '{"keyboard": [["Отмена"]], "resize_keyboard": true}'}" and files "None"
DEBUG    [2025-09-13 21:37:18,204] Make request: "getUpdates" with data: "{'offset': 513136049, 'timeout': 20}" and files "None"
DEBUG    [2025-09-13 21:37:18,291] Response for sendMessage: [200] "'{"ok":true,"result":{"message_id":143,"from":{"id":8283224834,"is_bot":true,"first_name":"Note Bot","username":"NNNoteBot"},"chat":{"id":6570278434,"first_name":"\\u0413\\u0435\\u043e\\u0440\\u0433\\u0438\\u0439","username":"gggeorgigg","type":"private"},"date":1757788638,"text":"\\ud83d\\uddd3 \\u0412\\u0432\\u0435\\u0434\\u0438\\u0442\\u0435 \\u0432\\u0440\\u0435\\u043c\\u044f \\u0432 \\u0444\\u043e\\u0440\\u043c\\u0430\\u0442\\u0435 \\u0413\\u0413\\u0413\\u0413-\\u041c\\u041c-\\u0414\\u0414 \\u0427\\u0427:\\u041c\\u041c:","entities":[{"offset":27,"length":16,"type":"bold"}]}}'"
DEBUG    [2025-09-13 21:37:27,936] Response for getUpdates: [200] "'{"ok":true,"result":[{"update_id":513136049,\n"message":{"message_id":144,"from":{"id":6570278434,"is_bot":false,"first_name":"\\u0413\\u0435\\u043e\\u0440\\u0433\\u0438\\u0439","username":"gggeorgigg","language_code":"ru"},"chat":{"id":6570278434,"first_name":"\\u0413\\u0435\\u043e\\u0440\\u0433\\u0438\\u0439","username":"gggeorgigg","type":"private"},"date":1757788648,"text":"2025-09-13 21:50"}}]}'"
DEBUG    [2025-09-13 21:37:27,936] Received 1 updates.
DEBUG    [2025-09-13 21:37:27,939] Make request: "sendMessage" with data: "{'chat_id': 6570278434, 'text': '\U0001f4ac Введите текст заметки:'}" and files "None"
DEBUG    [2025-09-13 21:37:28,006] Response for sendMessage: [200] "'{"ok":true,"result":{"message_id":145,"from":{"id":8283224834,"is_bot":true,"first_name":"Note Bot","username":"NNNoteBot"},"chat":{"id":6570278434,"first_name":"\\u0413\\u0435\\u043e\\u0440\\u0433\\u0438\\u0439","username":"gggeorgigg","type":"private"},"date":1757788648,"text":"\\ud83d\\udcac \\u0412\\u0432\\u0435\\u0434\\u0438\\u0442\\u0435 \\u0442\\u0435\\u043a\\u0441\\u0442 \\u0437\\u0430\\u043c\\u0435\\u0442\\u043a\\u0438:"}}'"
DEBUG    [2025-09-13 21:37:28,041] Make request: "getUpdates" with data: "{'offset': 513136050, 'timeout': 20}" and files "None"
DEBUG    [2025-09-13 21:37:32,965] Response for getUpdates: [200] "'{"ok":true,"result":[{"update_id":513136050,\n"message":{"message_id":146,"from":{"id":6570278434,"is_bot":false,"first_name":"\\u0413\\u0435\\u043e\\u0440\\u0433\\u0438\\u0439","username":"gggeorgigg","language_code":"ru"},"chat":{"id":6570278434,"first_name":"\\u0413\\u0435\\u043e\\u0440\\u0433\\u0438\\u0439","username":"gggeorgigg","type":"private"},"date":1757788653,"text":"1"}}]}'"
DEBUG    [2025-09-13 21:37:32,966] Received 1 updates.
DEBUG    [2025-09-13 21:37:32,970] Make request: "sendMessage" with data: "{'chat_id': 6570278434, 'text': '\u2705 *Заметка сохранена:* 1\n*Дата и время:* 2025-09-13 21:50', 'parse_mode': 'Markdown', 'reply_markup': '{"keyboard": [["Список заметок"], ["Добавить заметку"]], "resize_keyboard": true}'}" and files "None"
DEBUG    [2025-09-13 21:37:33,037] Response for sendMessage: [200] "'{"ok":true,"result":{"message_id":147,"from":{"id":8283224834,"is_bot":true,"first_name":"Note Bot","username":"NNNoteBot"},"chat":{"id":6570278434,"first_name":"\\u0413\\u0435\\u043e\\u0440\\u0433\\u0438\\u0439","username":"gggeorgigg","type":"private"},"date":1757788653,"text":"\\u2705 \\u0417\\u0430\\u043c\\u0435\\u0442\\u043a\\u0430 \\u0441\\u043e\\u0445\\u0440\\u0430\\u043d\\u0435\\u043d\\u0430: 1\\n\\u0414\\u0430\\u0442\\u0430 \\u0438 \\u0432\\u0440\\u0435\\u043c\\u044f: 2025-09-13 21:50","entities":[{"offset":2,"length":18,"type":"bold"},{"offset":23,"length":13,"type":"bold"}]}}'"
DEBUG    [2025-09-13 21:37:33,061] Make request: "getUpdates" with data: "{'offset': 513136051, 'timeout': 20}" and files "None"
DEBUG    [2025-09-13 21:37:34,893] Response for getUpdates: [200] "'{"ok":true,"result":[{"update_id":513136051,\n"message":{"message_id":148,"from":{"id":6570278434,"is_bot":false,"first_name":"\\u0413\\u0435\\u043e\\u0440\\u0433\\u0438\\u0439","username":"gggeorgigg","language_code":"ru"},"chat":{"id":6570278434,"first_name":"\\u0413\\u0435\\u043e\\u0440\\u0433\\u0438\\u0439","username":"gggeorgigg","type":"private"},"date":1757788655,"text":"\\u0414\\u043e\\u0431\\u0430\\u0432\\u0438\\u0442\\u044c \\u0437\\u0430\\u043c\\u0435\\u0442\\u043a\\u0443"}}]}'"
DEBUG    [2025-09-13 21:37:34,893] Received 1 updates.
DEBUG    [2025-09-13 21:37:34,893] Make request: "sendMessage" with data: "{'chat_id': 6570278434, 'text': '\U0001f5d3 Введите время в формате *ГГГГ-ММ-ДД ЧЧ:ММ*:', 'parse_mode': 'Markdown', 'reply_markup': '{"keyboard": [["Отмена"]], "resize_keyboard": true}'}" and files "None"
DEBUG    [2025-09-13 21:37:34,962] Response for sendMessage: [200] "'{"ok":true,"result":{"message_id":149,"from":{"id":8283224834,"is_bot":true,"first_name":"Note Bot","username":"NNNoteBot"},"chat":{"id":6570278434,"first_name":"\\u0413\\u0435\\u043e\\u0440\\u0433\\u0438\\u0439","username":"gggeorgigg","type":"private"},"date":1757788655,"text":"\\ud83d\\uddd3 \\u0412\\u0432\\u0435\\u0434\\u0438\\u0442\\u0435 \\u0432\\u0440\\u0435\\u043c\\u044f \\u0432 \\u0444\\u043e\\u0440\\u043c\\u0430\\u0442\\u0435 \\u0413\\u0413\\u0413\\u0413-\\u041c\\u041c-\\u0414\\u0414 \\u0427\\u0427:\\u041c\\u041c:","entities":[{"offset":27,"length":16,"type":"bold"}]}}'"
DEBUG    [2025-09-13 21:37:35,011] Make request: "getUpdates" with data: "{'offset': 513136052, 'timeout': 20}" and files "None"
DEBUG    [2025-09-13 21:37:39,903] Response for getUpdates: [200] "'{"ok":true,"result":[{"update_id":513136052,\n"message":{"message_id":150,"from":{"id":6570278434,"is_bot":false,"first_name":"\\u0413\\u0435\\u043e\\u0440\\u0433\\u0438\\u0439","username":"gggeorgigg","language_code":"ru"},"chat":{"id":6570278434,"first_name":"\\u0413\\u0435\\u043e\\u0440\\u0433\\u0438\\u0439","username":"gggeorgigg","type":"private"},"date":1757788660,"text":"2025-09-13 21:51"}}]}'"
DEBUG    [2025-09-13 21:37:39,903] Received 1 updates.
DEBUG    [2025-09-13 21:37:39,905] Make request: "sendMessage" with data: "{'chat_id': 6570278434, 'text': '\U0001f4ac Введите текст заметки:'}" and files "None"
DEBUG    [2025-09-13 21:37:39,970] Response for sendMessage: [200] "'{"ok":true,"result":{"message_id":151,"from":{"id":8283224834,"is_bot":true,"first_name":"Note Bot","username":"NNNoteBot"},"chat":{"id":6570278434,"first_name":"\\u0413\\u0435\\u043e\\u0440\\u0433\\u0438\\u0439","username":"gggeorgigg","type":"private"},"date":1757788660,"text":"\\ud83d\\udcac \\u0412\\u0432\\u0435\\u0434\\u0438\\u0442\\u0435 \\u0442\\u0435\\u043a\\u0441\\u0442 \\u0437\\u0430\\u043c\\u0435\\u0442\\u043a\\u0438:"}}'"
DEBUG    [2025-09-13 21:37:40,022] Make request: "getUpdates" with data: "{'offset': 513136053, 'timeout': 20}" and files "None"
DEBUG    [2025-09-13 21:37:41,323] Response for getUpdates: [200] "'{"ok":true,"result":[{"update_id":513136053,\n"message":{"message_id":152,"from":{"id":6570278434,"is_bot":false,"first_name":"\\u0413\\u0435\\u043e\\u0440\\u0433\\u0438\\u0439","username":"gggeorgigg","language_code":"ru"},"chat":{"id":6570278434,"first_name":"\\u0413\\u0435\\u043e\\u0440\\u0433\\u0438\\u0439","username":"gggeorgigg","type":"private"},"date":1757788661,"text":"2"}}]}'"
DEBUG    [2025-09-13 21:37:41,323] Received 1 updates.
DEBUG    [2025-09-13 21:37:41,330] Make request: "sendMessage" with data: "{'chat_id': 6570278434, 'text': '\u2705 *Заметка сохранена:* 2\n*Дата и время:* 2025-09-13 21:51', 'parse_mode': 'Markdown', 'reply_markup': '{"keyboard": [["Список заметок"], ["Добавить заметку"]], "resize_keyboard": true}'}" and files "None"
DEBUG    [2025-09-13 21:37:41,403] Response for sendMessage: [200] "'{"ok":true,"result":{"message_id":153,"from":{"id":8283224834,"is_bot":true,"first_name":"Note Bot","username":"NNNoteBot"},"chat":{"id":6570278434,"first_name":"\\u0413\\u0435\\u043e\\u0440\\u0433\\u0438\\u0439","username":"gggeorgigg","type":"private"},"date":1757788661,"text":"\\u2705 \\u0417\\u0430\\u043c\\u0435\\u0442\\u043a\\u0430 \\u0441\\u043e\\u0445\\u0440\\u0430\\u043d\\u0435\\u043d\\u0430: 2\\n\\u0414\\u0430\\u0442\\u0430 \\u0438 \\u0432\\u0440\\u0435\\u043c\\u044f: 2025-09-13 21:51","entities":[{"offset":2,"length":18,"type":"bold"},{"offset":23,"length":13,"type":"bold"}]}}'"
DEBUG    [2025-09-13 21:37:41,441] Make request: "getUpdates" with data: "{'offset': 513136054, 'timeout': 20}" and files "None"
DEBUG    [2025-09-13 21:37:42,982] Response for getUpdates: [200] "'{"ok":true,"result":[{"update_id":513136054,\n"message":{"message_id":154,"from":{"id":6570278434,"is_bot":false,"first_name":"\\u0413\\u0435\\u043e\\u0440\\u0433\\u0438\\u0439","username":"gggeorgigg","language_code":"ru"},"chat":{"id":6570278434,"first_name":"\\u0413\\u0435\\u043e\\u0440\\u0433\\u0438\\u0439","username":"gggeorgigg","type":"private"},"date":1757788663,"text":"\\u0414\\u043e\\u0431\\u0430\\u0432\\u0438\\u0442\\u044c \\u0437\\u0430\\u043c\\u0435\\u0442\\u043a\\u0443"}}]}'"
DEBUG    [2025-09-13 21:37:42,983] Received 1 updates.
DEBUG    [2025-09-13 21:37:42,983] Make request: "sendMessage" with data: "{'chat_id': 6570278434, 'text': '\U0001f5d3 Введите время в формате *ГГГГ-ММ-ДД ЧЧ:ММ*:', 'parse_mode': 'Markdown', 'reply_markup': '{"keyboard": [["Отмена"]], "resize_keyboard": true}'}" and files "None"
DEBUG    [2025-09-13 21:37:43,053] Response for sendMessage: [200] "'{"ok":true,"result":{"message_id":155,"from":{"id":8283224834,"is_bot":true,"first_name":"Note Bot","username":"NNNoteBot"},"chat":{"id":6570278434,"first_name":"\\u0413\\u0435\\u043e\\u0440\\u0433\\u0438\\u0439","username":"gggeorgigg","type":"private"},"date":1757788663,"text":"\\ud83d\\uddd3 \\u0412\\u0432\\u0435\\u0434\\u0438\\u0442\\u0435 \\u0432\\u0440\\u0435\\u043c\\u044f \\u0432 \\u0444\\u043e\\u0440\\u043c\\u0430\\u0442\\u0435 \\u0413\\u0413\\u0413\\u0413-\\u041c\\u041c-\\u0414\\u0414 \\u0427\\u0427:\\u041c\\u041c:","entities":[{"offset":27,"length":16,"type":"bold"}]}}'"
DEBUG    [2025-09-13 21:37:43,083] Make request: "getUpdates" with data: "{'offset': 513136055, 'timeout': 20}" and files "None"
DEBUG    [2025-09-13 21:37:49,359] Response for getUpdates: [200] "'{"ok":true,"result":[{"update_id":513136055,\n"message":{"message_id":156,"from":{"id":6570278434,"is_bot":false,"first_name":"\\u0413\\u0435\\u043e\\u0440\\u0433\\u0438\\u0439","username":"gggeorgigg","language_code":"ru"},"chat":{"id":6570278434,"first_name":"\\u0413\\u0435\\u043e\\u0440\\u0433\\u0438\\u0439","username":"gggeorgigg","type":"private"},"date":1757788669,"text":"2025-09-13 21:52"}}]}'"
DEBUG    [2025-09-13 21:37:49,359] Received 1 updates.
DEBUG    [2025-09-13 21:37:49,359] Make request: "sendMessage" with data: "{'chat_id': 6570278434, 'text': '\U0001f4ac Введите текст заметки:'}" and files "None"
DEBUG    [2025-09-13 21:37:49,428] Response for sendMessage: [200] "'{"ok":true,"result":{"message_id":157,"from":{"id":8283224834,"is_bot":true,"first_name":"Note Bot","username":"NNNoteBot"},"chat":{"id":6570278434,"first_name":"\\u0413\\u0435\\u043e\\u0440\\u0433\\u0438\\u0439","username":"gggeorgigg","type":"private"},"date":1757788669,"text":"\\ud83d\\udcac \\u0412\\u0432\\u0435\\u0434\\u0438\\u0442\\u0435 \\u0442\\u0435\\u043a\\u0441\\u0442 \\u0437\\u0430\\u043c\\u0435\\u0442\\u043a\\u0438:"}}'"
DEBUG    [2025-09-13 21:37:49,459] Make request: "getUpdates" with data: "{'offset': 513136056, 'timeout': 20}" and files "None"
DEBUG    [2025-09-13 21:37:50,667] Response for getUpdates: [200] "'{"ok":true,"result":[{"update_id":513136056,\n"message":{"message_id":158,"from":{"id":6570278434,"is_bot":false,"first_name":"\\u0413\\u0435\\u043e\\u0440\\u0433\\u0438\\u0439","username":"gggeorgigg","language_code":"ru"},"chat":{"id":6570278434,"first_name":"\\u0413\\u0435\\u043e\\u0440\\u0433\\u0438\\u0439","username":"gggeorgigg","type":"private"},"date":1757788670,"text":"3"}}]}'"
DEBUG    [2025-09-13 21:37:50,667] Received 1 updates.
DEBUG    [2025-09-13 21:37:50,671] Make request: "sendMessage" with data: "{'chat_id': 6570278434, 'text': '\u2705 *Заметка сохранена:* 3\n*Дата и время:* 2025-09-13 21:52', 'parse_mode': 'Markdown', 'reply_markup': '{"keyboard": [["Список заметок"], ["Добавить заметку"]], "resize_keyboard": true}'}" and files "None"
DEBUG    [2025-09-13 21:37:50,736] Response for sendMessage: [200] "'{"ok":true,"result":{"message_id":159,"from":{"id":8283224834,"is_bot":true,"first_name":"Note Bot","username":"NNNoteBot"},"chat":{"id":6570278434,"first_name":"\\u0413\\u0435\\u043e\\u0440\\u0433\\u0438\\u0439","username":"gggeorgigg","type":"private"},"date":1757788670,"text":"\\u2705 \\u0417\\u0430\\u043c\\u0435\\u0442\\u043a\\u0430 \\u0441\\u043e\\u0445\\u0440\\u0430\\u043d\\u0435\\u043d\\u0430: 3\\n\\u0414\\u0430\\u0442\\u0430 \\u0438 \\u0432\\u0440\\u0435\\u043c\\u044f: 2025-09-13 21:52","entities":[{"offset":2,"length":18,"type":"bold"},{"offset":23,"length":13,"type":"bold"}]}}'"
DEBUG    [2025-09-13 21:37:50,770] Make request: "getUpdates" with data: "{'offset': 513136057, 'timeout': 20}" and files "None"
DEBUG    [2025-09-13 21:37:51,843] Response for getUpdates: [200] "'{"ok":true,"result":[{"update_id":513136057,\n"message":{"message_id":160,"from":{"id":6570278434,"is_bot":false,"first_name":"\\u0413\\u0435\\u043e\\u0440\\u0433\\u0438\\u0439","username":"gggeorgigg","language_code":"ru"},"chat":{"id":6570278434,"first_name":"\\u0413\\u0435\\u043e\\u0440\\u0433\\u0438\\u0439","username":"gggeorgigg","type":"private"},"date":1757788672,"text":"\\u0414\\u043e\\u0431\\u0430\\u0432\\u0438\\u0442\\u044c \\u0437\\u0430\\u043c\\u0435\\u0442\\u043a\\u0443"}}]}'"
DEBUG    [2025-09-13 21:37:51,843] Received 1 updates.
DEBUG    [2025-09-13 21:37:51,843] Make request: "sendMessage" with data: "{'chat_id': 6570278434, 'text': '\U0001f5d3 Введите время в формате *ГГГГ-ММ-ДД ЧЧ:ММ*:', 'parse_mode': 'Markdown', 'reply_markup': '{"keyboard": [["Отмена"]], "resize_keyboard": true}'}" and files "None"
DEBUG    [2025-09-13 21:37:51,924] Response for sendMessage: [200] "'{"ok":true,"result":{"message_id":161,"from":{"id":8283224834,"is_bot":true,"first_name":"Note Bot","username":"NNNoteBot"},"chat":{"id":6570278434,"first_name":"\\u0413\\u0435\\u043e\\u0440\\u0433\\u0438\\u0439","username":"gggeorgigg","type":"private"},"date":1757788672,"text":"\\ud83d\\uddd3 \\u0412\\u0432\\u0435\\u0434\\u0438\\u0442\\u0435 \\u0432\\u0440\\u0435\\u043c\\u044f \\u0432 \\u0444\\u043e\\u0440\\u043c\\u0430\\u0442\\u0435 \\u0413\\u0413\\u0413\\u0413-\\u041c\\u041c-\\u0414\\u0414 \\u0427\\u0427:\\u041c\\u041c:","entities":[{"offset":27,"length":16,"type":"bold"}]}}'"
DEBUG    [2025-09-13 21:37:51,924] Make request: "getUpdates" with data: "{'offset': 513136058, 'timeout': 20}" and files "None"
DEBUG    [2025-09-13 21:37:55,358] Response for getUpdates: [200] "'{"ok":true,"result":[{"update_id":513136058,\n"message":{"message_id":162,"from":{"id":6570278434,"is_bot":false,"first_name":"\\u0413\\u0435\\u043e\\u0440\\u0433\\u0438\\u0439","username":"gggeorgigg","language_code":"ru"},"chat":{"id":6570278434,"first_name":"\\u0413\\u0435\\u043e\\u0440\\u0433\\u0438\\u0439","username":"gggeorgigg","type":"private"},"date":1757788675,"text":"2025-09-13 21:54"}}]}'"
DEBUG    [2025-09-13 21:37:55,358] Received 1 updates.
DEBUG    [2025-09-13 21:37:55,358] Make request: "sendMessage" with data: "{'chat_id': 6570278434, 'text': '\U0001f4ac Введите текст заметки:'}" and files "None"
DEBUG    [2025-09-13 21:37:55,462] Response for sendMessage: [200] "'{"ok":true,"result":{"message_id":163,"from":{"id":8283224834,"is_bot":true,"first_name":"Note Bot","username":"NNNoteBot"},"chat":{"id":6570278434,"first_name":"\\u0413\\u0435\\u043e\\u0440\\u0433\\u0438\\u0439","username":"gggeorgigg","type":"private"},"date":1757788675,"text":"\\ud83d\\udcac \\u0412\\u0432\\u0435\\u0434\\u0438\\u0442\\u0435 \\u0442\\u0435\\u043a\\u0441\\u0442 \\u0437\\u0430\\u043c\\u0435\\u0442\\u043a\\u0438:"}}'"
DEBUG    [2025-09-13 21:37:55,463] Make request: "getUpdates" with data: "{'offset': 513136059, 'timeout': 20}" and files "None"
DEBUG    [2025-09-13 21:37:57,925] Response for getUpdates: [200] "'{"ok":true,"result":[{"update_id":513136059,\n"message":{"message_id":164,"from":{"id":6570278434,"is_bot":false,"first_name":"\\u0413\\u0435\\u043e\\u0440\\u0433\\u0438\\u0439","username":"gggeorgigg","language_code":"ru"},"chat":{"id":6570278434,"first_name":"\\u0413\\u0435\\u043e\\u0440\\u0433\\u0438\\u0439","username":"gggeorgigg","type":"private"},"date":1757788678,"text":"4"}}]}'"
DEBUG    [2025-09-13 21:37:57,926] Received 1 updates.
DEBUG    [2025-09-13 21:37:57,930] Make request: "sendMessage" with data: "{'chat_id': 6570278434, 'text': '\u2705 *Заметка сохранена:* 4\n*Дата и время:* 2025-09-13 21:54', 'parse_mode': 'Markdown', 'reply_markup': '{"keyboard": [["Список заметок"], ["Добавить заметку"]], "resize_keyboard": true}'}" and files "None"
DEBUG    [2025-09-13 21:37:57,993] Response for sendMessage: [200] "'{"ok":true,"result":{"message_id":165,"from":{"id":8283224834,"is_bot":true,"first_name":"Note Bot","username":"NNNoteBot"},"chat":{"id":6570278434,"first_name":"\\u0413\\u0435\\u043e\\u0440\\u0433\\u0438\\u0439","username":"gggeorgigg","type":"private"},"date":1757788678,"text":"\\u2705 \\u0417\\u0430\\u043c\\u0435\\u0442\\u043a\\u0430 \\u0441\\u043e\\u0445\\u0440\\u0430\\u043d\\u0435\\u043d\\u0430: 4\\n\\u0414\\u0430\\u0442\\u0430 \\u0438 \\u0432\\u0440\\u0435\\u043c\\u044f: 2025-09-13 21:54","entities":[{"offset":2,"length":18,"type":"bold"},{"offset":23,"length":13,"type":"bold"}]}}'"
DEBUG    [2025-09-13 21:37:58,037] Make request: "getUpdates" with data: "{'offset': 513136060, 'timeout': 20}" and files "None"
DEBUG    [2025-09-13 21:37:59,545] Response for getUpdates: [200] "'{"ok":true,"result":[{"update_id":513136060,\n"message":{"message_id":166,"from":{"id":6570278434,"is_bot":false,"first_name":"\\u0413\\u0435\\u043e\\u0440\\u0433\\u0438\\u0439","username":"gggeorgigg","language_code":"ru"},"chat":{"id":6570278434,"first_name":"\\u0413\\u0435\\u043e\\u0440\\u0433\\u0438\\u0439","username":"gggeorgigg","type":"private"},"date":1757788679,"text":"\\u0421\\u043f\\u0438\\u0441\\u043e\\u043a \\u0437\\u0430\\u043c\\u0435\\u0442\\u043e\\u043a"}}]}'"
DEBUG    [2025-09-13 21:37:59,546] Received 1 updates.
DEBUG    [2025-09-13 21:37:59,547] Make request: "sendMessage" with data: "{'chat_id': 6570278434, 'text': '1) *Дата и время:* 2025-09-13 21:50 *Текст:* 1\n2) *Дата и время:* 2025-09-13 21:51 *Текст:* 2\n3) *Дата и время:* 2025-09-13 21:52 *Текст:* 3\n4) *Дата и время:* 2025-09-13 21:54 *Текст:* 4', 'parse_mode': 'Markdown', 'reply_markup': '{"keyboard": [["Список заметок"], ["Добавить заметку"], ["Удалить заметку"]], "resize_keyboard": true}'}" and files "None"
DEBUG    [2025-09-13 21:37:59,617] Response for sendMessage: [200] "'{"ok":true,"result":{"message_id":167,"from":{"id":8283224834,"is_bot":true,"first_name":"Note Bot","username":"NNNoteBot"},"chat":{"id":6570278434,"first_name":"\\u0413\\u0435\\u043e\\u0440\\u0433\\u0438\\u0439","username":"gggeorgigg","type":"private"},"date":1757788679,"text":"1) \\u0414\\u0430\\u0442\\u0430 \\u0438 \\u0432\\u0440\\u0435\\u043c\\u044f: 2025-09-13 21:50 \\u0422\\u0435\\u043a\\u0441\\u0442: 1\\n2) \\u0414\\u0430\\u0442\\u0430 \\u0438 \\u0432\\u0440\\u0435\\u043c\\u044f: 2025-09-13 21:51 \\u0422\\u0435\\u043a\\u0441\\u0442: 2\\n3) \\u0414\\u0430\\u0442\\u0430 \\u0438 \\u0432\\u0440\\u0435\\u043c\\u044f: 2025-09-13 21:52 \\u0422\\u0435\\u043a\\u0441\\u0442: 3\\n4) \\u0414\\u0430\\u0442\\u0430 \\u0438 \\u0432\\u0440\\u0435\\u043c\\u044f: 2025-09-13 21:54 \\u0422\\u0435\\u043a\\u0441\\u0442: 4","entities":[{"offset":3,"length":13,"type":"bold"},{"offset":34,"length":6,"type":"bold"},{"offset":46,"length":13,"type":"bold"},{"offset":77,"length":6,"type":"bold"},{"offset":89,"length":13,"type":"bold"},{"offset":120,"length":6,"type":"bold"},{"offset":132,"length":13,"type":"bold"},{"offset":163,"length":6,"type":"bold"}]}}'"
DEBUG    [2025-09-13 21:37:59,649] Make request: "getUpdates" with data: "{'offset': 513136061, 'timeout': 20}" and files "None"
DEBUG    [2025-09-13 21:38:10,427] Response for getUpdates: [200] "'{"ok":true,"result":[{"update_id":513136061,\n"message":{"message_id":168,"from":{"id":6570278434,"is_bot":false,"first_name":"\\u0413\\u0435\\u043e\\u0440\\u0433\\u0438\\u0439","username":"gggeorgigg","language_code":"ru"},"chat":{"id":6570278434,"first_name":"\\u0413\\u0435\\u043e\\u0440\\u0433\\u0438\\u0439","username":"gggeorgigg","type":"private"},"date":1757788690,"text":"\\u0423\\u0434\\u0430\\u043b\\u0438\\u0442\\u044c \\u0437\\u0430\\u043c\\u0435\\u0442\\u043a\\u0443"}}]}'"
DEBUG    [2025-09-13 21:38:10,428] Received 1 updates.
DEBUG    [2025-09-13 21:38:10,429] Make request: "sendMessage" with data: "{'chat_id': 6570278434, 'text': '\u26a0\ufe0f Введите номер заметки, которую хотите удалить:', 'reply_markup': '{"keyboard": [["Отмена"]], "resize_keyboard": true}'}" and files "None"
DEBUG    [2025-09-13 21:38:10,503] Response for sendMessage: [200] "'{"ok":true,"result":{"message_id":169,"from":{"id":8283224834,"is_bot":true,"first_name":"Note Bot","username":"NNNoteBot"},"chat":{"id":6570278434,"first_name":"\\u0413\\u0435\\u043e\\u0440\\u0433\\u0438\\u0439","username":"gggeorgigg","type":"private"},"date":1757788690,"text":"\\u26a0\\ufe0f \\u0412\\u0432\\u0435\\u0434\\u0438\\u0442\\u0435 \\u043d\\u043e\\u043c\\u0435\\u0440 \\u0437\\u0430\\u043c\\u0435\\u0442\\u043a\\u0438, \\u043a\\u043e\\u0442\\u043e\\u0440\\u0443\\u044e \\u0445\\u043e\\u0442\\u0438\\u0442\\u0435 \\u0443\\u0434\\u0430\\u043b\\u0438\\u0442\\u044c:"}}'"
DEBUG    [2025-09-13 21:38:10,527] Make request: "getUpdates" with data: "{'offset': 513136062, 'timeout': 20}" and files "None"
DEBUG    [2025-09-13 21:38:13,776] Response for getUpdates: [200] "'{"ok":true,"result":[{"update_id":513136062,\n"message":{"message_id":170,"from":{"id":6570278434,"is_bot":false,"first_name":"\\u0413\\u0435\\u043e\\u0440\\u0433\\u0438\\u0439","username":"gggeorgigg","language_code":"ru"},"chat":{"id":6570278434,"first_name":"\\u0413\\u0435\\u043e\\u0440\\u0433\\u0438\\u0439","username":"gggeorgigg","type":"private"},"date":1757788694,"text":"3"}}]}'"
DEBUG    [2025-09-13 21:38:13,777] Received 1 updates.
DEBUG    [2025-09-13 21:38:13,783] Make request: "sendMessage" with data: "{'chat_id': 6570278434, 'text': '\U0001f5d1 Заметка с номером 3 удалена.', 'reply_markup': '{"keyboard": [["Список заметок"], ["Добавить заметку"]], "resize_keyboard": true}'}" and files "None"
DEBUG    [2025-09-13 21:38:13,852] Response for sendMessage: [200] "'{"ok":true,"result":{"message_id":171,"from":{"id":8283224834,"is_bot":true,"first_name":"Note Bot","username":"NNNoteBot"},"chat":{"id":6570278434,"first_name":"\\u0413\\u0435\\u043e\\u0440\\u0433\\u0438\\u0439","username":"gggeorgigg","type":"private"},"date":1757788694,"text":"\\ud83d\\uddd1 \\u0417\\u0430\\u043c\\u0435\\u0442\\u043a\\u0430 \\u0441 \\u043d\\u043e\\u043c\\u0435\\u0440\\u043e\\u043c 3 \\u0443\\u0434\\u0430\\u043b\\u0435\\u043d\\u0430."}}'"
DEBUG    [2025-09-13 21:38:13,884] Make request: "getUpdates" with data: "{'offset': 513136063, 'timeout': 20}" and files "None"
DEBUG    [2025-09-13 21:38:15,442] Response for getUpdates: [200] "'{"ok":true,"result":[{"update_id":513136063,\n"message":{"message_id":172,"from":{"id":6570278434,"is_bot":false,"first_name":"\\u0413\\u0435\\u043e\\u0440\\u0433\\u0438\\u0439","username":"gggeorgigg","language_code":"ru"},"chat":{"id":6570278434,"first_name":"\\u0413\\u0435\\u043e\\u0440\\u0433\\u0438\\u0439","username":"gggeorgigg","type":"private"},"date":1757788695,"text":"\\u0421\\u043f\\u0438\\u0441\\u043e\\u043a \\u0437\\u0430\\u043c\\u0435\\u0442\\u043e\\u043a"}}]}'"
DEBUG    [2025-09-13 21:38:15,443] Received 1 updates.
DEBUG    [2025-09-13 21:38:15,444] Make request: "sendMessage" with data: "{'chat_id': 6570278434, 'text': '1) *Дата и время:* 2025-09-13 21:50 *Текст:* 1\n2) *Дата и время:* 2025-09-13 21:51 *Текст:* 2\n3) *Дата и время:* 2025-09-13 21:54 *Текст:* 4', 'parse_mode': 'Markdown', 'reply_markup': '{"keyboard": [["Список заметок"], ["Добавить заметку"], ["Удалить заметку"]], "resize_keyboard": true}'}" and files "None"
DEBUG    [2025-09-13 21:38:15,534] Response for sendMessage: [200] "'{"ok":true,"result":{"message_id":173,"from":{"id":8283224834,"is_bot":true,"first_name":"Note Bot","username":"NNNoteBot"},"chat":{"id":6570278434,"first_name":"\\u0413\\u0435\\u043e\\u0440\\u0433\\u0438\\u0439","username":"gggeorgigg","type":"private"},"date":1757788695,"text":"1) \\u0414\\u0430\\u0442\\u0430 \\u0438 \\u0432\\u0440\\u0435\\u043c\\u044f: 2025-09-13 21:50 \\u0422\\u0435\\u043a\\u0441\\u0442: 1\\n2) \\u0414\\u0430\\u0442\\u0430 \\u0438 \\u0432\\u0440\\u0435\\u043c\\u044f: 2025-09-13 21:51 \\u0422\\u0435\\u043a\\u0441\\u0442: 2\\n3) \\u0414\\u0430\\u0442\\u0430 \\u0438 \\u0432\\u0440\\u0435\\u043c\\u044f: 2025-09-13 21:54 \\u0422\\u0435\\u043a\\u0441\\u0442: 4","entities":[{"offset":3,"length":13,"type":"bold"},{"offset":34,"length":6,"type":"bold"},{"offset":46,"length":13,"type":"bold"},{"offset":77,"length":6,"type":"bold"},{"offset":89,"length":13,"type":"bold"},{"offset":120,"length":6,"type":"bold"}]}}'"
DEBUG    [2025-09-13 21:38:15,535] Make request: "getUpdates" with data: "{'offset': 513136064, 'timeout': 20}" and files "None"
DEBUG    [2025-09-13 21:38:19,802] Response for getUpdates: [200] "'{"ok":true,"result":[{"update_id":513136064,\n"message":{"message_id":174,"from":{"id":6570278434,"is_bot":false,"first_name":"\\u0413\\u0435\\u043e\\u0440\\u0433\\u0438\\u0439","username":"gggeorgigg","language_code":"ru"},"chat":{"id":6570278434,"first_name":"\\u0413\\u0435\\u043e\\u0440\\u0433\\u0438\\u0439","username":"gggeorgigg","type":"private"},"date":1757788700,"text":"\\u0414\\u043e\\u0431\\u0430\\u0432\\u0438\\u0442\\u044c \\u0437\\u0430\\u043c\\u0435\\u0442\\u043a\\u0443"}}]}'"
DEBUG    [2025-09-13 21:38:19,803] Received 1 updates.
DEBUG    [2025-09-13 21:38:19,804] Make request: "sendMessage" with data: "{'chat_id': 6570278434, 'text': '\U0001f5d3 Введите время в формате *ГГГГ-ММ-ДД ЧЧ:ММ*:', 'parse_mode': 'Markdown', 'reply_markup': '{"keyboard": [["Отмена"]], "resize_keyboard": true}'}" and files "None"
DEBUG    [2025-09-13 21:38:19,867] Response for sendMessage: [200] "'{"ok":true,"result":{"message_id":175,"from":{"id":8283224834,"is_bot":true,"first_name":"Note Bot","username":"NNNoteBot"},"chat":{"id":6570278434,"first_name":"\\u0413\\u0435\\u043e\\u0440\\u0433\\u0438\\u0439","username":"gggeorgigg","type":"private"},"date":1757788700,"text":"\\ud83d\\uddd3 \\u0412\\u0432\\u0435\\u0434\\u0438\\u0442\\u0435 \\u0432\\u0440\\u0435\\u043c\\u044f \\u0432 \\u0444\\u043e\\u0440\\u043c\\u0430\\u0442\\u0435 \\u0413\\u0413\\u0413\\u0413-\\u041c\\u041c-\\u0414\\u0414 \\u0427\\u0427:\\u041c\\u041c:","entities":[{"offset":27,"length":16,"type":"bold"}]}}'"
DEBUG    [2025-09-13 21:38:19,917] Make request: "getUpdates" with data: "{'offset': 513136065, 'timeout': 20}" and files "None"
DEBUG    [2025-09-13 21:38:23,903] Response for getUpdates: [200] "'{"ok":true,"result":[{"update_id":513136065,\n"message":{"message_id":176,"from":{"id":6570278434,"is_bot":false,"first_name":"\\u0413\\u0435\\u043e\\u0440\\u0433\\u0438\\u0439","username":"gggeorgigg","language_code":"ru"},"chat":{"id":6570278434,"first_name":"\\u0413\\u0435\\u043e\\u0440\\u0433\\u0438\\u0439","username":"gggeorgigg","type":"private"},"date":1757788704,"text":"2025-09-13 21:56"}}]}'"
DEBUG    [2025-09-13 21:38:23,903] Received 1 updates.
DEBUG    [2025-09-13 21:38:23,904] Make request: "sendMessage" with data: "{'chat_id': 6570278434, 'text': '\U0001f4ac Введите текст заметки:'}" and files "None"
DEBUG    [2025-09-13 21:38:23,970] Response for sendMessage: [200] "'{"ok":true,"result":{"message_id":177,"from":{"id":8283224834,"is_bot":true,"first_name":"Note Bot","username":"NNNoteBot"},"chat":{"id":6570278434,"first_name":"\\u0413\\u0435\\u043e\\u0440\\u0433\\u0438\\u0439","username":"gggeorgigg","type":"private"},"date":1757788704,"text":"\\ud83d\\udcac \\u0412\\u0432\\u0435\\u0434\\u0438\\u0442\\u0435 \\u0442\\u0435\\u043a\\u0441\\u0442 \\u0437\\u0430\\u043c\\u0435\\u0442\\u043a\\u0438:"}}'"
DEBUG    [2025-09-13 21:38:23,996] Make request: "getUpdates" with data: "{'offset': 513136066, 'timeout': 20}" and files "None"
DEBUG    [2025-09-13 21:38:25,842] Response for getUpdates: [200] "'{"ok":true,"result":[{"update_id":513136066,\n"message":{"message_id":178,"from":{"id":6570278434,"is_bot":false,"first_name":"\\u0413\\u0435\\u043e\\u0440\\u0433\\u0438\\u0439","username":"gggeorgigg","language_code":"ru"},"chat":{"id":6570278434,"first_name":"\\u0413\\u0435\\u043e\\u0440\\u0433\\u0438\\u0439","username":"gggeorgigg","type":"private"},"date":1757788706,"text":"6"}}]}'"
DEBUG    [2025-09-13 21:38:25,842] Received 1 updates.
DEBUG    [2025-09-13 21:38:25,848] Make request: "sendMessage" with data: "{'chat_id': 6570278434, 'text': '\u2705 *Заметка сохранена:* 6\n*Дата и время:* 2025-09-13 21:56', 'parse_mode': 'Markdown', 'reply_markup': '{"keyboard": [["Список заметок"], ["Добавить заметку"]], "resize_keyboard": true}'}" and files "None"
DEBUG    [2025-09-13 21:38:25,915] Response for sendMessage: [200] "'{"ok":true,"result":{"message_id":179,"from":{"id":8283224834,"is_bot":true,"first_name":"Note Bot","username":"NNNoteBot"},"chat":{"id":6570278434,"first_name":"\\u0413\\u0435\\u043e\\u0440\\u0433\\u0438\\u0439","username":"gggeorgigg","type":"private"},"date":1757788706,"text":"\\u2705 \\u0417\\u0430\\u043c\\u0435\\u0442\\u043a\\u0430 \\u0441\\u043e\\u0445\\u0440\\u0430\\u043d\\u0435\\u043d\\u0430: 6\\n\\u0414\\u0430\\u0442\\u0430 \\u0438 \\u0432\\u0440\\u0435\\u043c\\u044f: 2025-09-13 21:56","entities":[{"offset":2,"length":18,"type":"bold"},{"offset":23,"length":13,"type":"bold"}]}}'"
DEBUG    [2025-09-13 21:38:25,942] Make request: "getUpdates" with data: "{'offset': 513136067, 'timeout': 20}" and files "None"
DEBUG    [2025-09-13 21:38:27,649] Response for getUpdates: [200] "'{"ok":true,"result":[{"update_id":513136067,\n"message":{"message_id":180,"from":{"id":6570278434,"is_bot":false,"first_name":"\\u0413\\u0435\\u043e\\u0440\\u0433\\u0438\\u0439","username":"gggeorgigg","language_code":"ru"},"chat":{"id":6570278434,"first_name":"\\u0413\\u0435\\u043e\\u0440\\u0433\\u0438\\u0439","username":"gggeorgigg","type":"private"},"date":1757788707,"text":"\\u0421\\u043f\\u0438\\u0441\\u043e\\u043a \\u0437\\u0430\\u043c\\u0435\\u0442\\u043e\\u043a"}}]}'"
DEBUG    [2025-09-13 21:38:27,650] Received 1 updates.
DEBUG    [2025-09-13 21:38:27,651] Make request: "sendMessage" with data: "{'chat_id': 6570278434, 'text': '1) *Дата и время:* 2025-09-13 21:50 *Текст:* 1\n2) *Дата и время:* 2025-09-13 21:51 *Текст:* 2\n3) *Дата и время:* 2025-09-13 21:54 *Текст:* 4\n5) *Дата и время:* 2025-09-13 21:56 *Текст:* 6', 'parse_mode': 'Markdown', 'reply_markup': '{"keyboard": [["Список заметок"], ["Добавить заметку"], ["Удалить заметку"]], "resize_keyboard": true}'}" and files "None"
DEBUG    [2025-09-13 21:38:27,722] Response for sendMessage: [200] "'{"ok":true,"result":{"message_id":181,"from":{"id":8283224834,"is_bot":true,"first_name":"Note Bot","username":"NNNoteBot"},"chat":{"id":6570278434,"first_name":"\\u0413\\u0435\\u043e\\u0440\\u0433\\u0438\\u0439","username":"gggeorgigg","type":"private"},"date":1757788707,"text":"1) \\u0414\\u0430\\u0442\\u0430 \\u0438 \\u0432\\u0440\\u0435\\u043c\\u044f: 2025-09-13 21:50 \\u0422\\u0435\\u043a\\u0441\\u0442: 1\\n2) \\u0414\\u0430\\u0442\\u0430 \\u0438 \\u0432\\u0440\\u0435\\u043c\\u044f: 2025-09-13 21:51 \\u0422\\u0435\\u043a\\u0441\\u0442: 2\\n3) \\u0414\\u0430\\u0442\\u0430 \\u0438 \\u0432\\u0440\\u0435\\u043c\\u044f: 2025-09-13 21:54 \\u0422\\u0435\\u043a\\u0441\\u0442: 4\\n5) \\u0414\\u0430\\u0442\\u0430 \\u0438 \\u0432\\u0440\\u0435\\u043c\\u044f: 2025-09-13 21:56 \\u0422\\u0435\\u043a\\u0441\\u0442: 6","entities":[{"offset":3,"length":13,"type":"bold"},{"offset":34,"length":6,"type":"bold"},{"offset":46,"length":13,"type":"bold"},{"offset":77,"length":6,"type":"bold"},{"offset":89,"length":13,"type":"bold"},{"offset":120,"length":6,"type":"bold"},{"offset":132,"length":13,"type":"bold"},{"offset":163,"length":6,"type":"bold"}]}}'"
DEBUG    [2025-09-13 21:38:27,757] Make request: "getUpdates" with data: "{'offset': 513136068, 'timeout': 20}" and files "None"
DEBUG    [2025-09-13 21:38:47,803] Response for getUpdates: [200] "'{"ok":true,"result":[]}'"
DEBUG    [2025-09-13 21:38:47,908] Make request: "getUpdates" with data: "{'offset': 513136068, 'timeout': 20}" and files "None"
DEBUG    [2025-09-13 21:39:07,984] Response for getUpdates: [200] "'{"ok":true,"result":[]}'"
DEBUG    [2025-09-13 21:39:08,090] Make request: "getUpdates" with data: "{'offset': 513136068, 'timeout': 20}" and files "None"
DEBUG    [2025-09-13 21:39:28,138] Response for getUpdates: [200] "'{"ok":true,"result":[]}'"
DEBUG    [2025-09-13 21:39:28,251] Make request: "getUpdates" with data: "{'offset': 513136068, 'timeout': 20}" and files "None"
DEBUG    [2025-09-13 21:39:48,434] Response for getUpdates: [200] "'{"ok":true,"result":[]}'"
DEBUG    [2025-09-13 21:39:48,540] Make request: "getUpdates" with data: "{'offset': 513136068, 'timeout': 20}" and files "None"
DEBUG    [2025-09-13 21:40:08,595] Response for getUpdates: [200] "'{"ok":true,"result":[]}'"
DEBUG    [2025-09-13 21:40:08,710] Make request: "getUpdates" with data: "{'offset': 513136068, 'timeout': 20}" and files "None"
DEBUG    [2025-09-13 21:40:28,758] Response for getUpdates: [200] "'{"ok":true,"result":[]}'"
DEBUG    [2025-09-13 21:40:28,868] Make request: "getUpdates" with data: "{'offset': 513136068, 'timeout': 20}" and files "None"
DEBUG    [2025-09-13 21:40:33,848] Response for getUpdates: [200] "'{"ok":true,"result":[{"update_id":513136068,\n"message":{"message_id":182,"from":{"id":6570278434,"is_bot":false,"first_name":"\\u0413\\u0435\\u043e\\u0440\\u0433\\u0438\\u0439","username":"gggeorgigg","language_code":"ru"},"chat":{"id":6570278434,"first_name":"\\u0413\\u0435\\u043e\\u0440\\u0433\\u0438\\u0439","username":"gggeorgigg","type":"private"},"date":1757788834,"text":"\\u0414\\u043e\\u0431\\u0430\\u0432\\u0438\\u0442\\u044c \\u0437\\u0430\\u043c\\u0435\\u0442\\u043a\\u0443"}}]}'"
DEBUG    [2025-09-13 21:40:33,849] Received 1 updates.
DEBUG    [2025-09-13 21:40:33,849] Make request: "sendMessage" with data: "{'chat_id': 6570278434, 'text': '\U0001f5d3 Введите время в формате *ГГГГ-ММ-ДД ЧЧ:ММ*:', 'parse_mode': 'Markdown', 'reply_markup': '{"keyboard": [["Отмена"]], "resize_keyboard": true}'}" and files "None"
DEBUG    [2025-09-13 21:40:33,926] Response for sendMessage: [200] "'{"ok":true,"result":{"message_id":183,"from":{"id":8283224834,"is_bot":true,"first_name":"Note Bot","username":"NNNoteBot"},"chat":{"id":6570278434,"first_name":"\\u0413\\u0435\\u043e\\u0440\\u0433\\u0438\\u0439","username":"gggeorgigg","type":"private"},"date":1757788834,"text":"\\ud83d\\uddd3 \\u0412\\u0432\\u0435\\u0434\\u0438\\u0442\\u0435 \\u0432\\u0440\\u0435\\u043c\\u044f \\u0432 \\u0444\\u043e\\u0440\\u043c\\u0430\\u0442\\u0435 \\u0413\\u0413\\u0413\\u0413-\\u041c\\u041c-\\u0414\\u0414 \\u0427\\u0427:\\u041c\\u041c:","entities":[{"offset":27,"length":16,"type":"bold"}]}}'"
DEBUG    [2025-09-13 21:40:33,961] Make request: "getUpdates" with data: "{'offset': 513136069, 'timeout': 20}" and files "None"
DEBUG    [2025-09-13 21:40:44,779] Response for getUpdates: [200] "'{"ok":true,"result":[{"update_id":513136069,\n"message":{"message_id":184,"from":{"id":6570278434,"is_bot":false,"first_name":"\\u0413\\u0435\\u043e\\u0440\\u0433\\u0438\\u0439","username":"gggeorgigg","language_code":"ru"},"chat":{"id":6570278434,"first_name":"\\u0413\\u0435\\u043e\\u0440\\u0433\\u0438\\u0439","username":"gggeorgigg","type":"private"},"date":1757788845,"text":"2025-09-13 21:57"}}]}'"
DEBUG    [2025-09-13 21:40:44,780] Received 1 updates.
DEBUG    [2025-09-13 21:40:44,780] Make request: "sendMessage" with data: "{'chat_id': 6570278434, 'text': '\U0001f4ac Введите текст заметки:'}" and files "None"
DEBUG    [2025-09-13 21:40:44,852] Response for sendMessage: [200] "'{"ok":true,"result":{"message_id":185,"from":{"id":8283224834,"is_bot":true,"first_name":"Note Bot","username":"NNNoteBot"},"chat":{"id":6570278434,"first_name":"\\u0413\\u0435\\u043e\\u0440\\u0433\\u0438\\u0439","username":"gggeorgigg","type":"private"},"date":1757788845,"text":"\\ud83d\\udcac \\u0412\\u0432\\u0435\\u0434\\u0438\\u0442\\u0435 \\u0442\\u0435\\u043a\\u0441\\u0442 \\u0437\\u0430\\u043c\\u0435\\u0442\\u043a\\u0438:"}}'"
DEBUG    [2025-09-13 21:40:44,889] Make request: "getUpdates" with data: "{'offset': 513136070, 'timeout': 20}" and files "None"
DEBUG    [2025-09-13 21:40:47,877] Response for getUpdates: [200] "'{"ok":true,"result":[{"update_id":513136070,\n"message":{"message_id":186,"from":{"id":6570278434,"is_bot":false,"first_name":"\\u0413\\u0435\\u043e\\u0440\\u0433\\u0438\\u0439","username":"gggeorgigg","language_code":"ru"},"chat":{"id":6570278434,"first_name":"\\u0413\\u0435\\u043e\\u0440\\u0433\\u0438\\u0439","username":"gggeorgigg","type":"private"},"date":1757788848,"text":"kjnbrgtbr"}}]}'"
DEBUG    [2025-09-13 21:40:47,878] Received 1 updates.
DEBUG    [2025-09-13 21:40:47,899] Make request: "sendMessage" with data: "{'chat_id': 6570278434, 'text': '\u2705 *Заметка сохранена:* kjnbrgtbr\n*Дата и время:* 2025-09-13 21:57', 'parse_mode': 'Markdown', 'reply_markup': '{"keyboard": [["Список заметок"], ["Добавить заметку"]], "resize_keyboard": true}'}" and files "None"
DEBUG    [2025-09-13 21:40:47,997] Make request: "getUpdates" with data: "{'offset': 513136071, 'timeout': 20}" and files "None"
DEBUG    [2025-09-13 21:40:48,120] Response for sendMessage: [200] "'{"ok":true,"result":{"message_id":187,"from":{"id":8283224834,"is_bot":true,"first_name":"Note Bot","username":"NNNoteBot"},"chat":{"id":6570278434,"first_name":"\\u0413\\u0435\\u043e\\u0440\\u0433\\u0438\\u0439","username":"gggeorgigg","type":"private"},"date":1757788848,"text":"\\u2705 \\u0417\\u0430\\u043c\\u0435\\u0442\\u043a\\u0430 \\u0441\\u043e\\u0445\\u0440\\u0430\\u043d\\u0435\\u043d\\u0430: kjnbrgtbr\\n\\u0414\\u0430\\u0442\\u0430 \\u0438 \\u0432\\u0440\\u0435\\u043c\\u044f: 2025-09-13 21:57","entities":[{"offset":2,"length":18,"type":"bold"},{"offset":31,"length":13,"type":"bold"}]}}'"
DEBUG    [2025-09-13 21:40:53,570] Response for getUpdates: [200] "'{"ok":true,"result":[{"update_id":513136071,\n"message":{"message_id":188,"from":{"id":6570278434,"is_bot":false,"first_name":"\\u0413\\u0435\\u043e\\u0440\\u0433\\u0438\\u0439","username":"gggeorgigg","language_code":"ru"},"chat":{"id":6570278434,"first_name":"\\u0413\\u0435\\u043e\\u0440\\u0433\\u0438\\u0439","username":"gggeorgigg","type":"private"},"date":1757788853,"text":"\\u0414\\u043e\\u0431\\u0430\\u0432\\u0438\\u0442\\u044c \\u0437\\u0430\\u043c\\u0435\\u0442\\u043a\\u0443"}}]}'"
DEBUG    [2025-09-13 21:40:53,570] Received 1 updates.
DEBUG    [2025-09-13 21:40:53,572] Make request: "sendMessage" with data: "{'chat_id': 6570278434, 'text': '\U0001f5d3 Введите время в формате *ГГГГ-ММ-ДД ЧЧ:ММ*:', 'parse_mode': 'Markdown', 'reply_markup': '{"keyboard": [["Отмена"]], "resize_keyboard": true}'}" and files "None"
DEBUG    [2025-09-13 21:40:53,650] Response for sendMessage: [200] "'{"ok":true,"result":{"message_id":189,"from":{"id":8283224834,"is_bot":true,"first_name":"Note Bot","username":"NNNoteBot"},"chat":{"id":6570278434,"first_name":"\\u0413\\u0435\\u043e\\u0440\\u0433\\u0438\\u0439","username":"gggeorgigg","type":"private"},"date":1757788853,"text":"\\ud83d\\uddd3 \\u0412\\u0432\\u0435\\u0434\\u0438\\u0442\\u0435 \\u0432\\u0440\\u0435\\u043c\\u044f \\u0432 \\u0444\\u043e\\u0440\\u043c\\u0430\\u0442\\u0435 \\u0413\\u0413\\u0413\\u0413-\\u041c\\u041c-\\u0414\\u0414 \\u0427\\u0427:\\u041c\\u041c:","entities":[{"offset":27,"length":16,"type":"bold"}]}}'"
DEBUG    [2025-09-13 21:40:53,679] Make request: "getUpdates" with data: "{'offset': 513136072, 'timeout': 20}" and files "None"
DEBUG    [2025-09-13 21:40:55,693] Response for getUpdates: [200] "'{"ok":true,"result":[{"update_id":513136072,\n"message":{"message_id":190,"from":{"id":6570278434,"is_bot":false,"first_name":"\\u0413\\u0435\\u043e\\u0440\\u0433\\u0438\\u0439","username":"gggeorgigg","language_code":"ru"},"chat":{"id":6570278434,"first_name":"\\u0413\\u0435\\u043e\\u0440\\u0433\\u0438\\u0439","username":"gggeorgigg","type":"private"},"date":1757788855,"text":"kejrne"}}]}'"
DEBUG    [2025-09-13 21:40:55,694] Received 1 updates.
DEBUG    [2025-09-13 21:40:55,695] Make request: "sendMessage" with data: "{'chat_id': 6570278434, 'text': '\u274c Некорректный формат даты и времени. Пожалуйста, используйте формат *ГГГГ-ММ-ДД ЧЧ:ММ*', 'parse_mode': 'Markdown'}" and files "None"
DEBUG    [2025-09-13 21:40:55,776] Response for sendMessage: [200] "'{"ok":true,"result":{"message_id":191,"from":{"id":8283224834,"is_bot":true,"first_name":"Note Bot","username":"NNNoteBot"},"chat":{"id":6570278434,"first_name":"\\u0413\\u0435\\u043e\\u0440\\u0433\\u0438\\u0439","username":"gggeorgigg","type":"private"},"date":1757788856,"text":"\\u274c \\u041d\\u0435\\u043a\\u043e\\u0440\\u0440\\u0435\\u043a\\u0442\\u043d\\u044b\\u0439 \\u0444\\u043e\\u0440\\u043c\\u0430\\u0442 \\u0434\\u0430\\u0442\\u044b \\u0438 \\u0432\\u0440\\u0435\\u043c\\u0435\\u043d\\u0438. \\u041f\\u043e\\u0436\\u0430\\u043b\\u0443\\u0439\\u0441\\u0442\\u0430, \\u0438\\u0441\\u043f\\u043e\\u043b\\u044c\\u0437\\u0443\\u0439\\u0442\\u0435 \\u0444\\u043e\\u0440\\u043c\\u0430\\u0442 \\u0413\\u0413\\u0413\\u0413-\\u041c\\u041c-\\u0414\\u0414 \\u0427\\u0427:\\u041c\\u041c","entities":[{"offset":69,"length":16,"type":"bold"}]}}'"
DEBUG    [2025-09-13 21:40:55,801] Make request: "getUpdates" with data: "{'offset': 513136073, 'timeout': 20}" and files "None"
DEBUG    [2025-09-13 21:41:15,855] Response for getUpdates: [200] "'{"ok":true,"result":[]}'"
DEBUG    [2025-09-13 21:41:15,967] Make request: "getUpdates" with data: "{'offset': 513136073, 'timeout': 20}" and files "None"
INFO     [2025-09-13 21:41:22,938] Stop polling...
WARNING  [2025-09-13 21:41:22,938] Goodbye!
INFO     [2025-09-13 21:41:22,939] Bot: Note Bot [@NNNoteBot]
DEBUG    [2025-09-13 21:41:22,939] Make request: "getWebhookInfo" with data: "{}" and files "None"
DEBUG    [2025-09-13 21:41:23,099] Response for getWebhookInfo: [200] "'{"ok":true,"result":{"url":"","has_custom_certificate":false,"pending_update_count":0,"allowed_updates":["message"]}}'"
DEBUG    [2025-09-13 21:41:23,099] Make request: "deleteWebhook" with data: "{'drop_pending_updates': True}" and files "None"
DEBUG    [2025-09-13 21:41:23,153] Response for deleteWebhook: [200] "'{"ok":true,"result":true,"description":"Webhook is already deleted"}'"
WARNING  [2025-09-13 21:41:23,153] Updates were skipped successfully.
INFO     [2025-09-13 21:41:23,154] Start polling.
DEBUG    [2025-09-13 21:41:23,154] Make request: "getWebhookInfo" with data: "{}" and files "None"
DEBUG    [2025-09-13 21:41:23,207] Response for getWebhookInfo: [200] "'{"ok":true,"result":{"url":"","has_custom_certificate":false,"pending_update_count":0,"allowed_updates":["message"]}}'"
DEBUG    [2025-09-13 21:41:23,207] Make request: "getUpdates" with data: "{'timeout': 20}" and files "None"
ERROR    [2025-09-13 21:41:23,262] Cause exception while getting updates.
Traceback (most recent call last):
  File "C:\Users\georg\PycharmProjects\NoteBot\.venv\lib\site-packages\aiogram\bot\api.py", line 139, in make_request
    async with session.post(url, data=req, **kwargs) as response:
  File "C:\Users\georg\PycharmProjects\NoteBot\.venv\lib\site-packages\aiohttp\client.py", line 1167, in __aenter__
    self._resp = await self._coro
  File "C:\Users\georg\PycharmProjects\NoteBot\.venv\lib\site-packages\aiohttp\client.py", line 586, in _request
    await resp.start(conn)
  File "C:\Users\georg\PycharmProjects\NoteBot\.venv\lib\site-packages\aiohttp\client_reqrep.py", line 905, in start
    message, payload = await protocol.read()  # type: ignore[union-attr]
  File "C:\Users\georg\PycharmProjects\NoteBot\.venv\lib\site-packages\aiohttp\streams.py", line 616, in read
    await self._waiter
aiohttp.client_exceptions.ClientOSError: [Errno 1] [SSL: APPLICATION_DATA_AFTER_CLOSE_NOTIFY] application data after close notify (_ssl.c:2702)

During handling of the above exception, another exception occurred:

Traceback (most recent call last):
  File "C:\Users\georg\PycharmProjects\NoteBot\.venv\lib\site-packages\aiogram\dispatcher\dispatcher.py", line 382, in start_polling
    updates = await self.bot.get_updates(
  File "C:\Users\georg\PycharmProjects\NoteBot\.venv\lib\site-packages\aiogram\bot\bot.py", line 110, in get_updates
    result = await self.request(api.Methods.GET_UPDATES, payload)
  File "C:\Users\georg\PycharmProjects\NoteBot\.venv\lib\site-packages\aiogram\bot\base.py", line 236, in request
    return await api.make_request(await self.get_session(), self.server, self.__token, method, data, files,
  File "C:\Users\georg\PycharmProjects\NoteBot\.venv\lib\site-packages\aiogram\bot\api.py", line 142, in make_request
    raise exceptions.NetworkError(f"aiohttp client throws an error: {e.__class__.__name__}: {e}")
aiogram.utils.exceptions.NetworkError: Aiohttp client throws an error: ClientOSError: [Errno 1] [SSL: APPLICATION_DATA_AFTER_CLOSE_NOTIFY] application data after close notify (_ssl.c:2702)
DEBUG    [2025-09-13 21:41:28,266] Make request: "getUpdates" with data: "{'offset': 513136073, 'timeout': 20}" and files "None"
DEBUG    [2025-09-13 21:41:28,413] Response for getUpdates: [409] "'{"ok":false,"error_code":409,"description":"Conflict: terminated by other getUpdates request; make sure that only one bot instance is running"}'"
ERROR    [2025-09-13 21:41:28,414] Cause exception while getting updates.
Traceback (most recent call last):
  File "C:\Users\georg\PycharmProjects\NoteBot\.venv\lib\site-packages\aiogram\dispatcher\dispatcher.py", line 382, in start_polling
    updates = await self.bot.get_updates(
  File "C:\Users\georg\PycharmProjects\NoteBot\.venv\lib\site-packages\aiogram\bot\bot.py", line 110, in get_updates
    result = await self.request(api.Methods.GET_UPDATES, payload)
  File "C:\Users\georg\PycharmProjects\NoteBot\.venv\lib\site-packages\aiogram\bot\base.py", line 236, in request
    return await api.make_request(await self.get_session(), self.server, self.__token, method, data, files,
  File "C:\Users\georg\PycharmProjects\NoteBot\.venv\lib\site-packages\aiogram\bot\api.py", line 140, in make_request
    return check_result(method, response.content_type, response.status, await response.text())
  File "C:\Users\georg\PycharmProjects\NoteBot\.venv\lib\site-packages\aiogram\bot\api.py", line 119, in check_result
    exceptions.ConflictError.detect(description)
  File "C:\Users\georg\PycharmProjects\NoteBot\.venv\lib\site-packages\aiogram\utils\exceptions.py", line 140, in detect
    raise err(cls.text or description)
aiogram.utils.exceptions.TerminatedByOtherGetUpdates: Terminated by other getupdates request; make sure that only one bot instance is running
DEBUG    [2025-09-13 21:41:33,450] Make request: "getUpdates" with data: "{'timeout': 20}" and files "None"
DEBUG    [2025-09-13 21:41:33,507] Response for getUpdates: [409] "'{"ok":false,"error_code":409,"description":"Conflict: terminated by other getUpdates request; make sure that only one bot instance is running"}'"
ERROR    [2025-09-13 21:41:33,509] Cause exception while getting updates.
Traceback (most recent call last):
  File "C:\Users\georg\PycharmProjects\NoteBot\.venv\lib\site-packages\aiogram\dispatcher\dispatcher.py", line 382, in start_polling
    updates = await self.bot.get_updates(
  File "C:\Users\georg\PycharmProjects\NoteBot\.venv\lib\site-packages\aiogram\bot\bot.py", line 110, in get_updates
    result = await self.request(api.Methods.GET_UPDATES, payload)
  File "C:\Users\georg\PycharmProjects\NoteBot\.venv\lib\site-packages\aiogram\bot\base.py", line 236, in request
    return await api.make_request(await self.get_session(), self.server, self.__token, method, data, files,
  File "C:\Users\georg\PycharmProjects\NoteBot\.venv\lib\site-packages\aiogram\bot\api.py", line 140, in make_request
    return check_result(method, response.content_type, response.status, await response.text())
  File "C:\Users\georg\PycharmProjects\NoteBot\.venv\lib\site-packages\aiogram\bot\api.py", line 119, in check_result
    exceptions.ConflictError.detect(description)
  File "C:\Users\georg\PycharmProjects\NoteBot\.venv\lib\site-packages\aiogram\utils\exceptions.py", line 140, in detect
    raise err(cls.text or description)
aiogram.utils.exceptions.TerminatedByOtherGetUpdates: Terminated by other getupdates request; make sure that only one bot instance is running
DEBUG    [2025-09-13 21:41:38,512] Make request: "getUpdates" with data: "{'offset': 513136073, 'timeout': 20}" and files "None"
DEBUG    [2025-09-13 21:41:38,561] Response for getUpdates: [409] "'{"ok":false,"error_code":409,"description":"Conflict: terminated by other getUpdates request; make sure that only one bot instance is running"}'"
ERROR    [2025-09-13 21:41:38,561] Cause exception while getting updates.
Traceback (most recent call last):
  File "C:\Users\georg\PycharmProjects\NoteBot\.venv\lib\site-packages\aiogram\dispatcher\dispatcher.py", line 382, in start_polling
    updates = await self.bot.get_updates(
  File "C:\Users\georg\PycharmProjects\NoteBot\.venv\lib\site-packages\aiogram\bot\bot.py", line 110, in get_updates
    result = await self.request(api.Methods.GET_UPDATES, payload)
  File "C:\Users\georg\PycharmProjects\NoteBot\.venv\lib\site-packages\aiogram\bot\base.py", line 236, in request
    return await api.make_request(await self.get_session(), self.server, self.__token, method, data, files,
  File "C:\Users\georg\PycharmProjects\NoteBot\.venv\lib\site-packages\aiogram\bot\api.py", line 140, in make_request
    return check_result(method, response.content_type, response.status, await response.text())
  File "C:\Users\georg\PycharmProjects\NoteBot\.venv\lib\site-packages\aiogram\bot\api.py", line 119, in check_result
    exceptions.ConflictError.detect(description)
  File "C:\Users\georg\PycharmProjects\NoteBot\.venv\lib\site-packages\aiogram\utils\exceptions.py", line 140, in detect
    raise err(cls.text or description)
aiogram.utils.exceptions.TerminatedByOtherGetUpdates: Terminated by other getupdates request; make sure that only one bot instance is running
DEBUG    [2025-09-13 21:41:43,576] Make request: "getUpdates" with data: "{'timeout': 20}" and files "None"
DEBUG    [2025-09-13 21:41:43,630] Response for getUpdates: [409] "'{"ok":false,"error_code":409,"description":"Conflict: terminated by other getUpdates request; make sure that only one bot instance is running"}'"
ERROR    [2025-09-13 21:41:43,630] Cause exception while getting updates.
Traceback (most recent call last):
  File "C:\Users\georg\PycharmProjects\NoteBot\.venv\lib\site-packages\aiogram\dispatcher\dispatcher.py", line 382, in start_polling
    updates = await self.bot.get_updates(
  File "C:\Users\georg\PycharmProjects\NoteBot\.venv\lib\site-packages\aiogram\bot\bot.py", line 110, in get_updates
    result = await self.request(api.Methods.GET_UPDATES, payload)
  File "C:\Users\georg\PycharmProjects\NoteBot\.venv\lib\site-packages\aiogram\bot\base.py", line 236, in request
    return await api.make_request(await self.get_session(), self.server, self.__token, method, data, files,
  File "C:\Users\georg\PycharmProjects\NoteBot\.venv\lib\site-packages\aiogram\bot\api.py", line 140, in make_request
    return check_result(method, response.content_type, response.status, await response.text())
  File "C:\Users\georg\PycharmProjects\NoteBot\.venv\lib\site-packages\aiogram\bot\api.py", line 119, in check_result
    exceptions.ConflictError.detect(description)
  File "C:\Users\georg\PycharmProjects\NoteBot\.venv\lib\site-packages\aiogram\utils\exceptions.py", line 140, in detect
    raise err(cls.text or description)
aiogram.utils.exceptions.TerminatedByOtherGetUpdates: Terminated by other getupdates request; make sure that only one bot instance is running
DEBUG    [2025-09-13 21:41:48,639] Make request: "getUpdates" with data: "{'offset': 513136073, 'timeout': 20}" and files "None"
DEBUG    [2025-09-13 21:41:48,690] Response for getUpdates: [409] "'{"ok":false,"error_code":409,"description":"Conflict: terminated by other getUpdates request; make sure that only one bot instance is running"}'"
ERROR    [2025-09-13 21:41:48,691] Cause exception while getting updates.
Traceback (most recent call last):
  File "C:\Users\georg\PycharmProjects\NoteBot\.venv\lib\site-packages\aiogram\dispatcher\dispatcher.py", line 382, in start_polling
    updates = await self.bot.get_updates(
  File "C:\Users\georg\PycharmProjects\NoteBot\.venv\lib\site-packages\aiogram\bot\bot.py", line 110, in get_updates
    result = await self.request(api.Methods.GET_UPDATES, payload)
  File "C:\Users\georg\PycharmProjects\NoteBot\.venv\lib\site-packages\aiogram\bot\base.py", line 236, in request
    return await api.make_request(await self.get_session(), self.server, self.__token, method, data, files,
  File "C:\Users\georg\PycharmProjects\NoteBot\.venv\lib\site-packages\aiogram\bot\api.py", line 140, in make_request
    return check_result(method, response.content_type, response.status, await response.text())
  File "C:\Users\georg\PycharmProjects\NoteBot\.venv\lib\site-packages\aiogram\bot\api.py", line 119, in check_result
    exceptions.ConflictError.detect(description)
  File "C:\Users\georg\PycharmProjects\NoteBot\.venv\lib\site-packages\aiogram\utils\exceptions.py", line 140, in detect
    raise err(cls.text or description)
aiogram.utils.exceptions.TerminatedByOtherGetUpdates: Terminated by other getupdates request; make sure that only one bot instance is running
DEBUG    [2025-09-13 21:41:53,705] Make request: "getUpdates" with data: "{'timeout': 20}" and files "None"
DEBUG    [2025-09-13 21:41:53,758] Response for getUpdates: [409] "'{"ok":false,"error_code":409,"description":"Conflict: terminated by other getUpdates request; make sure that only one bot instance is running"}'"
ERROR    [2025-09-13 21:41:53,759] Cause exception while getting updates.
Traceback (most recent call last):
  File "C:\Users\georg\PycharmProjects\NoteBot\.venv\lib\site-packages\aiogram\dispatcher\dispatcher.py", line 382, in start_polling
    updates = await self.bot.get_updates(
  File "C:\Users\georg\PycharmProjects\NoteBot\.venv\lib\site-packages\aiogram\bot\bot.py", line 110, in get_updates
    result = await self.request(api.Methods.GET_UPDATES, payload)
  File "C:\Users\georg\PycharmProjects\NoteBot\.venv\lib\site-packages\aiogram\bot\base.py", line 236, in request
    return await api.make_request(await self.get_session(), self.server, self.__token, method, data, files,
  File "C:\Users\georg\PycharmProjects\NoteBot\.venv\lib\site-packages\aiogram\bot\api.py", line 140, in make_request
    return check_result(method, response.content_type, response.status, await response.text())
  File "C:\Users\georg\PycharmProjects\NoteBot\.venv\lib\site-packages\aiogram\bot\api.py", line 119, in check_result
    exceptions.ConflictError.detect(description)
  File "C:\Users\georg\PycharmProjects\NoteBot\.venv\lib\site-packages\aiogram\utils\exceptions.py", line 140, in detect
    raise err(cls.text or description)
aiogram.utils.exceptions.TerminatedByOtherGetUpdates: Terminated by other getupdates request; make sure that only one bot instance is running
DEBUG    [2025-09-13 21:41:58,761] Make request: "getUpdates" with data: "{'offset': 513136073, 'timeout': 20}" and files "None"
DEBUG    [2025-09-13 21:41:58,810] Response for getUpdates: [409] "'{"ok":false,"error_code":409,"description":"Conflict: terminated by other getUpdates request; make sure that only one bot instance is running"}'"
ERROR    [2025-09-13 21:41:58,810] Cause exception while getting updates.
Traceback (most recent call last):
  File "C:\Users\georg\PycharmProjects\NoteBot\.venv\lib\site-packages\aiogram\dispatcher\dispatcher.py", line 382, in start_polling
    updates = await self.bot.get_updates(
  File "C:\Users\georg\PycharmProjects\NoteBot\.venv\lib\site-packages\aiogram\bot\bot.py", line 110, in get_updates
    result = await self.request(api.Methods.GET_UPDATES, payload)
  File "C:\Users\georg\PycharmProjects\NoteBot\.venv\lib\site-packages\aiogram\bot\base.py", line 236, in request
    return await api.make_request(await self.get_session(), self.server, self.__token, method, data, files,
  File "C:\Users\georg\PycharmProjects\NoteBot\.venv\lib\site-packages\aiogram\bot\api.py", line 140, in make_request
    return check_result(method, response.content_type, response.status, await response.text())
  File "C:\Users\georg\PycharmProjects\NoteBot\.venv\lib\site-packages\aiogram\bot\api.py", line 119, in check_result
    exceptions.ConflictError.detect(description)
  File "C:\Users\georg\PycharmProjects\NoteBot\.venv\lib\site-packages\aiogram\utils\exceptions.py", line 140, in detect
    raise err(cls.text or description)
aiogram.utils.exceptions.TerminatedByOtherGetUpdates: Terminated by other getupdates request; make sure that only one bot instance is running
DEBUG    [2025-09-13 21:42:03,814] Make request: "getUpdates" with data: "{'timeout': 20}" and files "None"
DEBUG    [2025-09-13 21:42:03,869] Response for getUpdates: [409] "'{"ok":false,"error_code":409,"description":"Conflict: terminated by other getUpdates request; make sure that only one bot instance is running"}'"
ERROR    [2025-09-13 21:42:03,869] Cause exception while getting updates.
Traceback (most recent call last):
  File "C:\Users\georg\PycharmProjects\NoteBot\.venv\lib\site-packages\aiogram\dispatcher\dispatcher.py", line 382, in start_polling
    updates = await self.bot.get_updates(
  File "C:\Users\georg\PycharmProjects\NoteBot\.venv\lib\site-packages\aiogram\bot\bot.py", line 110, in get_updates
    result = await self.request(api.Methods.GET_UPDATES, payload)
  File "C:\Users\georg\PycharmProjects\NoteBot\.venv\lib\site-packages\aiogram\bot\base.py", line 236, in request
    return await api.make_request(await self.get_session(), self.server, self.__token, method, data, files,
  File "C:\Users\georg\PycharmProjects\NoteBot\.venv\lib\site-packages\aiogram\bot\api.py", line 140, in make_request
    return check_result(method, response.content_type, response.status, await response.text())
  File "C:\Users\georg\PycharmProjects\NoteBot\.venv\lib\site-packages\aiogram\bot\api.py", line 119, in check_result
    exceptions.ConflictError.detect(description)
  File "C:\Users\georg\PycharmProjects\NoteBot\.venv\lib\site-packages\aiogram\utils\exceptions.py", line 140, in detect
    raise err(cls.text or description)
aiogram.utils.exceptions.TerminatedByOtherGetUpdates: Terminated by other getupdates request; make sure that only one bot instance is running
DEBUG    [2025-09-13 21:42:08,882] Make request: "getUpdates" with data: "{'offset': 513136073, 'timeout': 20}" and files "None"
DEBUG    [2025-09-13 21:42:08,933] Response for getUpdates: [409] "'{"ok":false,"error_code":409,"description":"Conflict: terminated by other getUpdates request; make sure that only one bot instance is running"}'"
ERROR    [2025-09-13 21:42:08,933] Cause exception while getting updates.
Traceback (most recent call last):
  File "C:\Users\georg\PycharmProjects\NoteBot\.venv\lib\site-packages\aiogram\dispatcher\dispatcher.py", line 382, in start_polling
    updates = await self.bot.get_updates(
  File "C:\Users\georg\PycharmProjects\NoteBot\.venv\lib\site-packages\aiogram\bot\bot.py", line 110, in get_updates
    result = await self.request(api.Methods.GET_UPDATES, payload)
  File "C:\Users\georg\PycharmProjects\NoteBot\.venv\lib\site-packages\aiogram\bot\base.py", line 236, in request
    return await api.make_request(await self.get_session(), self.server, self.__token, method, data, files,
  File "C:\Users\georg\PycharmProjects\NoteBot\.venv\lib\site-packages\aiogram\bot\api.py", line 140, in make_request
    return check_result(method, response.content_type, response.status, await response.text())
  File "C:\Users\georg\PycharmProjects\NoteBot\.venv\lib\site-packages\aiogram\bot\api.py", line 119, in check_result
    exceptions.ConflictError.detect(description)
  File "C:\Users\georg\PycharmProjects\NoteBot\.venv\lib\site-packages\aiogram\utils\exceptions.py", line 140, in detect
    raise err(cls.text or description)
aiogram.utils.exceptions.TerminatedByOtherGetUpdates: Terminated by other getupdates request; make sure that only one bot instance is running
DEBUG    [2025-09-13 21:43:58,416] Using proactor: IocpProactor
DEBUG    [2025-09-13 21:43:58,423] Make request: "getMe" with data: "{}" and files "None"
DEBUG    [2025-09-13 21:43:58,584] Response for getMe: [200] "'{"ok":true,"result":{"id":8283224834,"is_bot":true,"first_name":"Note Bot","username":"NNNoteBot","can_join_groups":true,"can_read_all_group_messages":false,"supports_inline_queries":false,"can_connect_to_business":false,"has_main_web_app":false}}'"
INFO     [2025-09-13 21:43:58,584] Bot: Note Bot [@NNNoteBot]
DEBUG    [2025-09-13 21:43:58,584] Make request: "getWebhookInfo" with data: "{}" and files "None"
DEBUG    [2025-09-13 21:43:58,635] Response for getWebhookInfo: [200] "'{"ok":true,"result":{"url":"","has_custom_certificate":false,"pending_update_count":0,"allowed_updates":["message"]}}'"
DEBUG    [2025-09-13 21:43:58,635] Make request: "deleteWebhook" with data: "{'drop_pending_updates': True}" and files "None"
DEBUG    [2025-09-13 21:43:58,686] Response for deleteWebhook: [200] "'{"ok":true,"result":true,"description":"Webhook is already deleted"}'"
WARNING  [2025-09-13 21:43:58,686] Updates were skipped successfully.
INFO     [2025-09-13 21:43:58,686] Start polling.
DEBUG    [2025-09-13 21:43:58,686] Make request: "getWebhookInfo" with data: "{}" and files "None"
DEBUG    [2025-09-13 21:43:58,737] Response for getWebhookInfo: [200] "'{"ok":true,"result":{"url":"","has_custom_certificate":false,"pending_update_count":0,"allowed_updates":["message"]}}'"
DEBUG    [2025-09-13 21:43:58,738] Make request: "getUpdates" with data: "{'timeout': 20}" and files "None"
DEBUG    [2025-09-13 21:44:03,925] Response for getUpdates: [200] "'{"ok":true,"result":[{"update_id":513136073,\n"message":{"message_id":192,"from":{"id":6570278434,"is_bot":false,"first_name":"\\u0413\\u0435\\u043e\\u0440\\u0433\\u0438\\u0439","username":"gggeorgigg","language_code":"ru"},"chat":{"id":6570278434,"first_name":"\\u0413\\u0435\\u043e\\u0440\\u0433\\u0438\\u0439","username":"gggeorgigg","type":"private"},"date":1757789044,"text":"\\u041e\\u0442\\u043c\\u0435\\u043d\\u0430"}}]}'"
DEBUG    [2025-09-13 21:44:03,926] Received 1 updates.
DEBUG    [2025-09-13 21:44:04,037] Make request: "getUpdates" with data: "{'offset': 513136074, 'timeout': 20}" and files "None"
DEBUG    [2025-09-13 21:44:09,565] Response for getUpdates: [200] "'{"ok":true,"result":[{"update_id":513136074,\n"message":{"message_id":193,"from":{"id":6570278434,"is_bot":false,"first_name":"\\u0413\\u0435\\u043e\\u0440\\u0433\\u0438\\u0439","username":"gggeorgigg","language_code":"ru"},"chat":{"id":6570278434,"first_name":"\\u0413\\u0435\\u043e\\u0440\\u0433\\u0438\\u0439","username":"gggeorgigg","type":"private"},"date":1757789049,"text":"/start","entities":[{"offset":0,"length":6,"type":"bot_command"}]}}]}'"
DEBUG    [2025-09-13 21:44:09,566] Received 1 updates.
DEBUG    [2025-09-13 21:44:09,566] Make request: "sendMessage" with data: "{'chat_id': 6570278434, 'text': 'Выберите действие:', 'reply_markup': '{"keyboard": [["Список заметок"], ["Добавить заметку"]], "resize_keyboard": true}'}" and files "None"
DEBUG    [2025-09-13 21:44:09,654] Response for sendMessage: [200] "'{"ok":true,"result":{"message_id":194,"from":{"id":8283224834,"is_bot":true,"first_name":"Note Bot","username":"NNNoteBot"},"chat":{"id":6570278434,"first_name":"\\u0413\\u0435\\u043e\\u0440\\u0433\\u0438\\u0439","username":"gggeorgigg","type":"private"},"date":1757789049,"text":"\\u0412\\u044b\\u0431\\u0435\\u0440\\u0438\\u0442\\u0435 \\u0434\\u0435\\u0439\\u0441\\u0442\\u0432\\u0438\\u0435:"}}'"
DEBUG    [2025-09-13 21:44:09,690] Make request: "getUpdates" with data: "{'offset': 513136075, 'timeout': 20}" and files "None"
DEBUG    [2025-09-13 21:44:11,829] Response for getUpdates: [200] "'{"ok":true,"result":[{"update_id":513136075,\n"message":{"message_id":195,"from":{"id":6570278434,"is_bot":false,"first_name":"\\u0413\\u0435\\u043e\\u0440\\u0433\\u0438\\u0439","username":"gggeorgigg","language_code":"ru"},"chat":{"id":6570278434,"first_name":"\\u0413\\u0435\\u043e\\u0440\\u0433\\u0438\\u0439","username":"gggeorgigg","type":"private"},"date":1757789052,"text":"\\u0414\\u043e\\u0431\\u0430\\u0432\\u0438\\u0442\\u044c \\u0437\\u0430\\u043c\\u0435\\u0442\\u043a\\u0443"}}]}'"
DEBUG    [2025-09-13 21:44:11,829] Received 1 updates.
DEBUG    [2025-09-13 21:44:11,829] Make request: "sendMessage" with data: "{'chat_id': 6570278434, 'text': '\U0001f5d3 Введите время в формате *ГГГГ-ММ-ДД ЧЧ:ММ*:', 'parse_mode': 'Markdown', 'reply_markup': '{"keyboard": [["Отмена"]], "resize_keyboard": true}'}" and files "None"
DEBUG    [2025-09-13 21:44:11,904] Response for sendMessage: [200] "'{"ok":true,"result":{"message_id":196,"from":{"id":8283224834,"is_bot":true,"first_name":"Note Bot","username":"NNNoteBot"},"chat":{"id":6570278434,"first_name":"\\u0413\\u0435\\u043e\\u0440\\u0433\\u0438\\u0439","username":"gggeorgigg","type":"private"},"date":1757789052,"text":"\\ud83d\\uddd3 \\u0412\\u0432\\u0435\\u0434\\u0438\\u0442\\u0435 \\u0432\\u0440\\u0435\\u043c\\u044f \\u0432 \\u0444\\u043e\\u0440\\u043c\\u0430\\u0442\\u0435 \\u0413\\u0413\\u0413\\u0413-\\u041c\\u041c-\\u0414\\u0414 \\u0427\\u0427:\\u041c\\u041c:","entities":[{"offset":27,"length":16,"type":"bold"}]}}'"
DEBUG    [2025-09-13 21:44:11,927] Make request: "getUpdates" with data: "{'offset': 513136076, 'timeout': 20}" and files "None"
DEBUG    [2025-09-13 21:44:31,979] Response for getUpdates: [200] "'{"ok":true,"result":[]}'"
DEBUG    [2025-09-13 21:44:32,094] Make request: "getUpdates" with data: "{'offset': 513136076, 'timeout': 20}" and files "None"
DEBUG    [2025-09-13 21:44:45,597] Response for getUpdates: [200] "'{"ok":true,"result":[{"update_id":513136076,\n"message":{"message_id":197,"from":{"id":6570278434,"is_bot":false,"first_name":"\\u0413\\u0435\\u043e\\u0440\\u0433\\u0438\\u0439","username":"gggeorgigg","language_code":"ru"},"chat":{"id":6570278434,"first_name":"\\u0413\\u0435\\u043e\\u0440\\u0433\\u0438\\u0439","username":"gggeorgigg","type":"private"},"date":1757789085,"text":"-2025-13-33 25:76"}}]}'"
DEBUG    [2025-09-13 21:44:45,597] Received 1 updates.
DEBUG    [2025-09-13 21:44:45,599] Make request: "sendMessage" with data: "{'chat_id': 6570278434, 'text': '\u274c Некорректный формат даты и времени. Пожалуйста, используйте формат *ГГГГ-ММ-ДД ЧЧ:ММ*', 'parse_mode': 'Markdown'}" and files "None"
DEBUG    [2025-09-13 21:44:45,672] Response for sendMessage: [200] "'{"ok":true,"result":{"message_id":198,"from":{"id":8283224834,"is_bot":true,"first_name":"Note Bot","username":"NNNoteBot"},"chat":{"id":6570278434,"first_name":"\\u0413\\u0435\\u043e\\u0440\\u0433\\u0438\\u0439","username":"gggeorgigg","type":"private"},"date":1757789085,"text":"\\u274c \\u041d\\u0435\\u043a\\u043e\\u0440\\u0440\\u0435\\u043a\\u0442\\u043d\\u044b\\u0439 \\u0444\\u043e\\u0440\\u043c\\u0430\\u0442 \\u0434\\u0430\\u0442\\u044b \\u0438 \\u0432\\u0440\\u0435\\u043c\\u0435\\u043d\\u0438. \\u041f\\u043e\\u0436\\u0430\\u043b\\u0443\\u0439\\u0441\\u0442\\u0430, \\u0438\\u0441\\u043f\\u043e\\u043b\\u044c\\u0437\\u0443\\u0439\\u0442\\u0435 \\u0444\\u043e\\u0440\\u043c\\u0430\\u0442 \\u0413\\u0413\\u0413\\u0413-\\u041c\\u041c-\\u0414\\u0414 \\u0427\\u0427:\\u041c\\u041c","entities":[{"offset":69,"length":16,"type":"bold"}]}}'"
DEBUG    [2025-09-13 21:44:45,711] Make request: "getUpdates" with data: "{'offset': 513136077, 'timeout': 20}" and files "None"
DEBUG    [2025-09-13 21:45:05,766] Response for getUpdates: [200] "'{"ok":true,"result":[]}'"
DEBUG    [2025-09-13 21:45:05,867] Make request: "getUpdates" with data: "{'offset': 513136077, 'timeout': 20}" and files "None"
DEBUG    [2025-09-13 21:45:25,923] Response for getUpdates: [200] "'{"ok":true,"result":[]}'"
DEBUG    [2025-09-13 21:45:26,032] Make request: "getUpdates" with data: "{'offset': 513136077, 'timeout': 20}" and files "None"
DEBUG    [2025-09-13 21:45:46,090] Response for getUpdates: [200] "'{"ok":true,"result":[]}'"
DEBUG    [2025-09-13 21:45:46,203] Make request: "getUpdates" with data: "{'offset': 513136077, 'timeout': 20}" and files "None"
DEBUG    [2025-09-13 21:46:06,258] Response for getUpdates: [200] "'{"ok":true,"result":[]}'"
DEBUG    [2025-09-13 21:46:06,373] Make request: "getUpdates" with data: "{'offset': 513136077, 'timeout': 20}" and files "None"
DEBUG    [2025-09-13 21:46:26,427] Response for getUpdates: [200] "'{"ok":true,"result":[]}'"
DEBUG    [2025-09-13 21:46:26,539] Make request: "getUpdates" with data: "{'offset': 513136077, 'timeout': 20}" and files "None"
DEBUG    [2025-09-13 21:46:45,052] Response for getUpdates: [200] "'{"ok":true,"result":[{"update_id":513136077,\n"message":{"message_id":199,"from":{"id":6570278434,"is_bot":false,"first_name":"\\u0413\\u0435\\u043e\\u0440\\u0433\\u0438\\u0439","username":"gggeorgigg","language_code":"ru"},"chat":{"id":6570278434,"first_name":"\\u0413\\u0435\\u043e\\u0440\\u0433\\u0438\\u0439","username":"gggeorgigg","type":"private"},"date":1757789205,"text":"\\u041e\\u0442\\u043c\\u0435\\u043d\\u0430"}}]}'"
DEBUG    [2025-09-13 21:46:45,053] Received 1 updates.
DEBUG    [2025-09-13 21:46:45,053] Make request: "sendMessage" with data: "{'chat_id': 6570278434, 'text': '\u274c Действие отменено', 'reply_markup': '{"keyboard": [["Список заметок"], ["Добавить заметку"]], "resize_keyboard": true}'}" and files "None"
DEBUG    [2025-09-13 21:46:45,123] Response for sendMessage: [200] "'{"ok":true,"result":{"message_id":200,"from":{"id":8283224834,"is_bot":true,"first_name":"Note Bot","username":"NNNoteBot"},"chat":{"id":6570278434,"first_name":"\\u0413\\u0435\\u043e\\u0440\\u0433\\u0438\\u0439","username":"gggeorgigg","type":"private"},"date":1757789205,"text":"\\u274c \\u0414\\u0435\\u0439\\u0441\\u0442\\u0432\\u0438\\u0435 \\u043e\\u0442\\u043c\\u0435\\u043d\\u0435\\u043d\\u043e"}}'"
DEBUG    [2025-09-13 21:46:45,164] Make request: "getUpdates" with data: "{'offset': 513136078, 'timeout': 20}" and files "None"
DEBUG    [2025-09-13 21:46:46,911] Response for getUpdates: [200] "'{"ok":true,"result":[{"update_id":513136078,\n"message":{"message_id":201,"from":{"id":6570278434,"is_bot":false,"first_name":"\\u0413\\u0435\\u043e\\u0440\\u0433\\u0438\\u0439","username":"gggeorgigg","language_code":"ru"},"chat":{"id":6570278434,"first_name":"\\u0413\\u0435\\u043e\\u0440\\u0433\\u0438\\u0439","username":"gggeorgigg","type":"private"},"date":1757789207,"text":"\\u0421\\u043f\\u0438\\u0441\\u043e\\u043a \\u0437\\u0430\\u043c\\u0435\\u0442\\u043e\\u043a"}}]}'"
DEBUG    [2025-09-13 21:46:46,911] Received 1 updates.
DEBUG    [2025-09-13 21:46:46,914] Make request: "sendMessage" with data: "{'chat_id': 6570278434, 'text': '1) *Дата и время:* 2025-09-13 21:50 *Текст:* 1\n2) *Дата и время:* 2025-09-13 21:51 *Текст:* 2\n3) *Дата и время:* 2025-09-13 21:54 *Текст:* 4\n4) *Дата и время:* 2025-09-13 21:56 *Текст:* 6\n5) *Дата и время:* 2025-09-13 21:57 *Текст:* kjnbrgtbr', 'parse_mode': 'Markdown', 'reply_markup': '{"keyboard": [["Список заметок"], ["Добавить заметку"], ["Удалить заметку"]], "resize_keyboard": true}'}" and files "None"
DEBUG    [2025-09-13 21:46:47,000] Response for sendMessage: [200] "'{"ok":true,"result":{"message_id":202,"from":{"id":8283224834,"is_bot":true,"first_name":"Note Bot","username":"NNNoteBot"},"chat":{"id":6570278434,"first_name":"\\u0413\\u0435\\u043e\\u0440\\u0433\\u0438\\u0439","username":"gggeorgigg","type":"private"},"date":1757789207,"text":"1) \\u0414\\u0430\\u0442\\u0430 \\u0438 \\u0432\\u0440\\u0435\\u043c\\u044f: 2025-09-13 21:50 \\u0422\\u0435\\u043a\\u0441\\u0442: 1\\n2) \\u0414\\u0430\\u0442\\u0430 \\u0438 \\u0432\\u0440\\u0435\\u043c\\u044f: 2025-09-13 21:51 \\u0422\\u0435\\u043a\\u0441\\u0442: 2\\n3) \\u0414\\u0430\\u0442\\u0430 \\u0438 \\u0432\\u0440\\u0435\\u043c\\u044f: 2025-09-13 21:54 \\u0422\\u0435\\u043a\\u0441\\u0442: 4\\n4) \\u0414\\u0430\\u0442\\u0430 \\u0438 \\u0432\\u0440\\u0435\\u043c\\u044f: 2025-09-13 21:56 \\u0422\\u0435\\u043a\\u0441\\u0442: 6\\n5) \\u0414\\u0430\\u0442\\u0430 \\u0438 \\u0432\\u0440\\u0435\\u043c\\u044f: 2025-09-13 21:57 \\u0422\\u0435\\u043a\\u0441\\u0442: kjnbrgtbr","entities":[{"offset":3,"length":13,"type":"bold"},{"offset":34,"length":6,"type":"bold"},{"offset":46,"length":13,"type":"bold"},{"offset":77,"length":6,"type":"bold"},{"offset":89,"length":13,"type":"bold"},{"offset":120,"length":6,"type":"bold"},{"offset":132,"length":13,"type":"bold"},{"offset":163,"length":6,"type":"bold"},{"offset":175,"length":13,"type":"bold"},{"offset":206,"length":6,"type":"bold"}]}}'"
DEBUG    [2025-09-13 21:46:47,024] Make request: "getUpdates" with data: "{'offset': 513136079, 'timeout': 20}" and files "None"
DEBUG    [2025-09-13 21:46:51,570] Response for getUpdates: [200] "'{"ok":true,"result":[{"update_id":513136079,\n"message":{"message_id":203,"from":{"id":6570278434,"is_bot":false,"first_name":"\\u0413\\u0435\\u043e\\u0440\\u0433\\u0438\\u0439","username":"gggeorgigg","language_code":"ru"},"chat":{"id":6570278434,"first_name":"\\u0413\\u0435\\u043e\\u0440\\u0433\\u0438\\u0439","username":"gggeorgigg","type":"private"},"date":1757789211,"text":"\\u0414\\u043e\\u0431\\u0430\\u0432\\u0438\\u0442\\u044c \\u0437\\u0430\\u043c\\u0435\\u0442\\u043a\\u0443"}}]}'"
DEBUG    [2025-09-13 21:46:51,571] Received 1 updates.
DEBUG    [2025-09-13 21:46:51,572] Make request: "sendMessage" with data: "{'chat_id': 6570278434, 'text': '\U0001f5d3 Введите время в формате *ГГГГ-ММ-ДД ЧЧ:ММ*:', 'parse_mode': 'Markdown', 'reply_markup': '{"keyboard": [["Отмена"]], "resize_keyboard": true}'}" and files "None"
DEBUG    [2025-09-13 21:46:51,643] Response for sendMessage: [200] "'{"ok":true,"result":{"message_id":204,"from":{"id":8283224834,"is_bot":true,"first_name":"Note Bot","username":"NNNoteBot"},"chat":{"id":6570278434,"first_name":"\\u0413\\u0435\\u043e\\u0440\\u0433\\u0438\\u0439","username":"gggeorgigg","type":"private"},"date":1757789211,"text":"\\ud83d\\uddd3 \\u0412\\u0432\\u0435\\u0434\\u0438\\u0442\\u0435 \\u0432\\u0440\\u0435\\u043c\\u044f \\u0432 \\u0444\\u043e\\u0440\\u043c\\u0430\\u0442\\u0435 \\u0413\\u0413\\u0413\\u0413-\\u041c\\u041c-\\u0414\\u0414 \\u0427\\u0427:\\u041c\\u041c:","entities":[{"offset":27,"length":16,"type":"bold"}]}}'"
DEBUG    [2025-09-13 21:46:51,676] Make request: "getUpdates" with data: "{'offset': 513136080, 'timeout': 20}" and files "None"
DEBUG    [2025-09-13 21:47:11,729] Response for getUpdates: [200] "'{"ok":true,"result":[]}'"
DEBUG    [2025-09-13 21:47:11,842] Make request: "getUpdates" with data: "{'offset': 513136080, 'timeout': 20}" and files "None"
DEBUG    [2025-09-13 21:47:31,901] Response for getUpdates: [200] "'{"ok":true,"result":[]}'"
DEBUG    [2025-09-13 21:47:32,007] Make request: "getUpdates" with data: "{'offset': 513136080, 'timeout': 20}" and files "None"
DEBUG    [2025-09-13 21:47:52,059] Response for getUpdates: [200] "'{"ok":true,"result":[]}'"
DEBUG    [2025-09-13 21:47:52,165] Make request: "getUpdates" with data: "{'offset': 513136080, 'timeout': 20}" and files "None"
DEBUG    [2025-09-13 21:48:12,216] Response for getUpdates: [200] "'{"ok":true,"result":[]}'"
DEBUG    [2025-09-13 21:48:12,329] Make request: "getUpdates" with data: "{'offset': 513136080, 'timeout': 20}" and files "None"
DEBUG    [2025-09-13 21:48:32,382] Response for getUpdates: [200] "'{"ok":true,"result":[]}'"
DEBUG    [2025-09-13 21:48:32,498] Make request: "getUpdates" with data: "{'offset': 513136080, 'timeout': 20}" and files "None"
DEBUG    [2025-09-13 21:48:52,551] Response for getUpdates: [200] "'{"ok":true,"result":[]}'"
DEBUG    [2025-09-13 21:48:52,652] Make request: "getUpdates" with data: "{'offset': 513136080, 'timeout': 20}" and files "None"
DEBUG    [2025-09-13 21:49:12,708] Response for getUpdates: [200] "'{"ok":true,"result":[]}'"
DEBUG    [2025-09-13 21:49:12,821] Make request: "getUpdates" with data: "{'offset': 513136080, 'timeout': 20}" and files "None"
DEBUG    [2025-09-13 21:49:33,182] Response for getUpdates: [200] "'{"ok":true,"result":[]}'"
DEBUG    [2025-09-13 21:49:33,286] Make request: "getUpdates" with data: "{'offset': 513136080, 'timeout': 20}" and files "None"
DEBUG    [2025-09-13 21:49:53,340] Response for getUpdates: [200] "'{"ok":true,"result":[]}'"
DEBUG    [2025-09-13 21:49:53,449] Make request: "getUpdates" with data: "{'offset': 513136080, 'timeout': 20}" and files "None"
DEBUG    [2025-09-13 21:50:13,503] Response for getUpdates: [200] "'{"ok":true,"result":[]}'"
DEBUG    [2025-09-13 21:50:13,613] Make request: "getUpdates" with data: "{'offset': 513136080, 'timeout': 20}" and files "None"
DEBUG    [2025-09-13 21:50:33,666] Response for getUpdates: [200] "'{"ok":true,"result":[]}'"
DEBUG    [2025-09-13 21:50:33,774] Make request: "getUpdates" with data: "{'offset': 513136080, 'timeout': 20}" and files "None"
DEBUG    [2025-09-13 21:50:53,916] Response for getUpdates: [200] "'{"ok":true,"result":[]}'"
DEBUG    [2025-09-13 21:50:54,020] Make request: "getUpdates" with data: "{'offset': 513136080, 'timeout': 20}" and files "None"
DEBUG    [2025-09-13 21:50:58,517] Make request: "sendMessage" with data: "{'chat_id': 6570278434, 'text': '\U0001f514*Напоминание:* 1', 'parse_mode': 'Markdown'}" and files "None"
DEBUG    [2025-09-13 21:50:58,813] Response for sendMessage: [200] "'{"ok":true,"result":{"message_id":205,"from":{"id":8283224834,"is_bot":true,"first_name":"Note Bot","username":"NNNoteBot"},"chat":{"id":6570278434,"first_name":"\\u0413\\u0435\\u043e\\u0440\\u0433\\u0438\\u0439","username":"gggeorgigg","type":"private"},"date":1757789459,"text":"\\ud83d\\udd14\\u041d\\u0430\\u043f\\u043e\\u043c\\u0438\\u043d\\u0430\\u043d\\u0438\\u0435: 1","entities":[{"offset":2,"length":12,"type":"bold"}]}}'"
DEBUG    [2025-09-13 21:51:14,069] Response for getUpdates: [200] "'{"ok":true,"result":[]}'"
DEBUG    [2025-09-13 21:51:14,177] Make request: "getUpdates" with data: "{'offset': 513136080, 'timeout': 20}" and files "None"
DEBUG    [2025-09-13 21:51:34,223] Response for getUpdates: [200] "'{"ok":true,"result":[]}'"
DEBUG    [2025-09-13 21:51:34,333] Make request: "getUpdates" with data: "{'offset': 513136080, 'timeout': 20}" and files "None"
DEBUG    [2025-09-13 21:51:54,387] Response for getUpdates: [200] "'{"ok":true,"result":[]}'"
DEBUG    [2025-09-13 21:51:54,489] Make request: "getUpdates" with data: "{'offset': 513136080, 'timeout': 20}" and files "None"
DEBUG    [2025-09-13 21:51:58,825] Make request: "sendMessage" with data: "{'chat_id': 6570278434, 'text': '\U0001f514*Напоминание:* 2', 'parse_mode': 'Markdown'}" and files "None"
DEBUG    [2025-09-13 21:51:59,095] Response for sendMessage: [200] "'{"ok":true,"result":{"message_id":206,"from":{"id":8283224834,"is_bot":true,"first_name":"Note Bot","username":"NNNoteBot"},"chat":{"id":6570278434,"first_name":"\\u0413\\u0435\\u043e\\u0440\\u0433\\u0438\\u0439","username":"gggeorgigg","type":"private"},"date":1757789519,"text":"\\ud83d\\udd14\\u041d\\u0430\\u043f\\u043e\\u043c\\u0438\\u043d\\u0430\\u043d\\u0438\\u0435: 2","entities":[{"offset":2,"length":12,"type":"bold"}]}}'"
INFO     [2025-09-13 21:52:00,278] Stop polling...
WARNING  [2025-09-13 21:52:00,278] Goodbye!
INFO     [2025-09-13 21:52:00,278] Bot: Note Bot [@NNNoteBot]
DEBUG    [2025-09-13 21:52:00,278] Make request: "getWebhookInfo" with data: "{}" and files "None"
DEBUG    [2025-09-13 21:52:00,428] Response for getWebhookInfo: [200] "'{"ok":true,"result":{"url":"","has_custom_certificate":false,"pending_update_count":0,"allowed_updates":["message"]}}'"
DEBUG    [2025-09-13 21:52:00,428] Make request: "deleteWebhook" with data: "{'drop_pending_updates': True}" and files "None"
DEBUG    [2025-09-13 21:52:00,477] Response for deleteWebhook: [200] "'{"ok":true,"result":true,"description":"Webhook is already deleted"}'"
WARNING  [2025-09-13 21:52:00,477] Updates were skipped successfully.
INFO     [2025-09-13 21:52:00,477] Start polling.
DEBUG    [2025-09-13 21:52:00,477] Make request: "getWebhookInfo" with data: "{}" and files "None"
DEBUG    [2025-09-13 21:52:00,527] Response for getWebhookInfo: [200] "'{"ok":true,"result":{"url":"","has_custom_certificate":false,"pending_update_count":0,"allowed_updates":["message"]}}'"
DEBUG    [2025-09-13 21:52:00,528] Make request: "getUpdates" with data: "{'timeout': 20}" and files "None"
ERROR    [2025-09-13 21:52:00,578] Cause exception while getting updates.
Traceback (most recent call last):
  File "C:\Users\georg\PycharmProjects\NoteBot\.venv\lib\site-packages\aiogram\bot\api.py", line 139, in make_request
    async with session.post(url, data=req, **kwargs) as response:
  File "C:\Users\georg\PycharmProjects\NoteBot\.venv\lib\site-packages\aiohttp\client.py", line 1167, in __aenter__
    self._resp = await self._coro
  File "C:\Users\georg\PycharmProjects\NoteBot\.venv\lib\site-packages\aiohttp\client.py", line 586, in _request
    await resp.start(conn)
  File "C:\Users\georg\PycharmProjects\NoteBot\.venv\lib\site-packages\aiohttp\client_reqrep.py", line 905, in start
    message, payload = await protocol.read()  # type: ignore[union-attr]
  File "C:\Users\georg\PycharmProjects\NoteBot\.venv\lib\site-packages\aiohttp\streams.py", line 616, in read
    await self._waiter
aiohttp.client_exceptions.ClientOSError: [Errno 1] [SSL: APPLICATION_DATA_AFTER_CLOSE_NOTIFY] application data after close notify (_ssl.c:2702)

During handling of the above exception, another exception occurred:

Traceback (most recent call last):
  File "C:\Users\georg\PycharmProjects\NoteBot\.venv\lib\site-packages\aiogram\dispatcher\dispatcher.py", line 382, in start_polling
    updates = await self.bot.get_updates(
  File "C:\Users\georg\PycharmProjects\NoteBot\.venv\lib\site-packages\aiogram\bot\bot.py", line 110, in get_updates
    result = await self.request(api.Methods.GET_UPDATES, payload)
  File "C:\Users\georg\PycharmProjects\NoteBot\.venv\lib\site-packages\aiogram\bot\base.py", line 236, in request
    return await api.make_request(await self.get_session(), self.server, self.__token, method, data, files,
  File "C:\Users\georg\PycharmProjects\NoteBot\.venv\lib\site-packages\aiogram\bot\api.py", line 142, in make_request
    raise exceptions.NetworkError(f"aiohttp client throws an error: {e.__class__.__name__}: {e}")
aiogram.utils.exceptions.NetworkError: Aiohttp client throws an error: ClientOSError: [Errno 1] [SSL: APPLICATION_DATA_AFTER_CLOSE_NOTIFY] application data after close notify (_ssl.c:2702)
DEBUG    [2025-09-13 21:52:05,597] Make request: "getUpdates" with data: "{'offset': 513136080, 'timeout': 20}" and files "None"
DEBUG    [2025-09-13 21:52:05,741] Response for getUpdates: [409] "'{"ok":false,"error_code":409,"description":"Conflict: terminated by other getUpdates request; make sure that only one bot instance is running"}'"
ERROR    [2025-09-13 21:52:05,742] Cause exception while getting updates.
Traceback (most recent call last):
  File "C:\Users\georg\PycharmProjects\NoteBot\.venv\lib\site-packages\aiogram\dispatcher\dispatcher.py", line 382, in start_polling
    updates = await self.bot.get_updates(
  File "C:\Users\georg\PycharmProjects\NoteBot\.venv\lib\site-packages\aiogram\bot\bot.py", line 110, in get_updates
    result = await self.request(api.Methods.GET_UPDATES, payload)
  File "C:\Users\georg\PycharmProjects\NoteBot\.venv\lib\site-packages\aiogram\bot\base.py", line 236, in request
    return await api.make_request(await self.get_session(), self.server, self.__token, method, data, files,
  File "C:\Users\georg\PycharmProjects\NoteBot\.venv\lib\site-packages\aiogram\bot\api.py", line 140, in make_request
    return check_result(method, response.content_type, response.status, await response.text())
  File "C:\Users\georg\PycharmProjects\NoteBot\.venv\lib\site-packages\aiogram\bot\api.py", line 119, in check_result
    exceptions.ConflictError.detect(description)
  File "C:\Users\georg\PycharmProjects\NoteBot\.venv\lib\site-packages\aiogram\utils\exceptions.py", line 140, in detect
    raise err(cls.text or description)
aiogram.utils.exceptions.TerminatedByOtherGetUpdates: Terminated by other getupdates request; make sure that only one bot instance is running
DEBUG    [2025-09-13 21:52:10,745] Make request: "getUpdates" with data: "{'timeout': 20}" and files "None"
DEBUG    [2025-09-13 21:52:10,798] Response for getUpdates: [409] "'{"ok":false,"error_code":409,"description":"Conflict: terminated by other getUpdates request; make sure that only one bot instance is running"}'"
ERROR    [2025-09-13 21:52:10,799] Cause exception while getting updates.
Traceback (most recent call last):
  File "C:\Users\georg\PycharmProjects\NoteBot\.venv\lib\site-packages\aiogram\dispatcher\dispatcher.py", line 382, in start_polling
    updates = await self.bot.get_updates(
  File "C:\Users\georg\PycharmProjects\NoteBot\.venv\lib\site-packages\aiogram\bot\bot.py", line 110, in get_updates
    result = await self.request(api.Methods.GET_UPDATES, payload)
  File "C:\Users\georg\PycharmProjects\NoteBot\.venv\lib\site-packages\aiogram\bot\base.py", line 236, in request
    return await api.make_request(await self.get_session(), self.server, self.__token, method, data, files,
  File "C:\Users\georg\PycharmProjects\NoteBot\.venv\lib\site-packages\aiogram\bot\api.py", line 140, in make_request
    return check_result(method, response.content_type, response.status, await response.text())
  File "C:\Users\georg\PycharmProjects\NoteBot\.venv\lib\site-packages\aiogram\bot\api.py", line 119, in check_result
    exceptions.ConflictError.detect(description)
  File "C:\Users\georg\PycharmProjects\NoteBot\.venv\lib\site-packages\aiogram\utils\exceptions.py", line 140, in detect
    raise err(cls.text or description)
aiogram.utils.exceptions.TerminatedByOtherGetUpdates: Terminated by other getupdates request; make sure that only one bot instance is running
DEBUG    [2025-09-13 21:52:15,812] Make request: "getUpdates" with data: "{'offset': 513136080, 'timeout': 20}" and files "None"
DEBUG    [2025-09-13 21:52:15,857] Response for getUpdates: [409] "'{"ok":false,"error_code":409,"description":"Conflict: terminated by other getUpdates request; make sure that only one bot instance is running"}'"
ERROR    [2025-09-13 21:52:15,858] Cause exception while getting updates.
Traceback (most recent call last):
  File "C:\Users\georg\PycharmProjects\NoteBot\.venv\lib\site-packages\aiogram\dispatcher\dispatcher.py", line 382, in start_polling
    updates = await self.bot.get_updates(
  File "C:\Users\georg\PycharmProjects\NoteBot\.venv\lib\site-packages\aiogram\bot\bot.py", line 110, in get_updates
    result = await self.request(api.Methods.GET_UPDATES, payload)
  File "C:\Users\georg\PycharmProjects\NoteBot\.venv\lib\site-packages\aiogram\bot\base.py", line 236, in request
    return await api.make_request(await self.get_session(), self.server, self.__token, method, data, files,
  File "C:\Users\georg\PycharmProjects\NoteBot\.venv\lib\site-packages\aiogram\bot\api.py", line 140, in make_request
    return check_result(method, response.content_type, response.status, await response.text())
  File "C:\Users\georg\PycharmProjects\NoteBot\.venv\lib\site-packages\aiogram\bot\api.py", line 119, in check_result
    exceptions.ConflictError.detect(description)
  File "C:\Users\georg\PycharmProjects\NoteBot\.venv\lib\site-packages\aiogram\utils\exceptions.py", line 140, in detect
    raise err(cls.text or description)
aiogram.utils.exceptions.TerminatedByOtherGetUpdates: Terminated by other getupdates request; make sure that only one bot instance is running
DEBUG    [2025-09-13 21:52:20,872] Make request: "getUpdates" with data: "{'timeout': 20}" and files "None"
DEBUG    [2025-09-13 21:52:20,926] Response for getUpdates: [409] "'{"ok":false,"error_code":409,"description":"Conflict: terminated by other getUpdates request; make sure that only one bot instance is running"}'"
ERROR    [2025-09-13 21:52:20,926] Cause exception while getting updates.
Traceback (most recent call last):
  File "C:\Users\georg\PycharmProjects\NoteBot\.venv\lib\site-packages\aiogram\dispatcher\dispatcher.py", line 382, in start_polling
    updates = await self.bot.get_updates(
  File "C:\Users\georg\PycharmProjects\NoteBot\.venv\lib\site-packages\aiogram\bot\bot.py", line 110, in get_updates
    result = await self.request(api.Methods.GET_UPDATES, payload)
  File "C:\Users\georg\PycharmProjects\NoteBot\.venv\lib\site-packages\aiogram\bot\base.py", line 236, in request
    return await api.make_request(await self.get_session(), self.server, self.__token, method, data, files,
  File "C:\Users\georg\PycharmProjects\NoteBot\.venv\lib\site-packages\aiogram\bot\api.py", line 140, in make_request
    return check_result(method, response.content_type, response.status, await response.text())
  File "C:\Users\georg\PycharmProjects\NoteBot\.venv\lib\site-packages\aiogram\bot\api.py", line 119, in check_result
    exceptions.ConflictError.detect(description)
  File "C:\Users\georg\PycharmProjects\NoteBot\.venv\lib\site-packages\aiogram\utils\exceptions.py", line 140, in detect
    raise err(cls.text or description)
aiogram.utils.exceptions.TerminatedByOtherGetUpdates: Terminated by other getupdates request; make sure that only one bot instance is running
DEBUG    [2025-09-13 21:52:25,940] Make request: "getUpdates" with data: "{'offset': 513136080, 'timeout': 20}" and files "None"
DEBUG    [2025-09-13 21:52:25,985] Response for getUpdates: [409] "'{"ok":false,"error_code":409,"description":"Conflict: terminated by other getUpdates request; make sure that only one bot instance is running"}'"
ERROR    [2025-09-13 21:52:25,985] Cause exception while getting updates.
Traceback (most recent call last):
  File "C:\Users\georg\PycharmProjects\NoteBot\.venv\lib\site-packages\aiogram\dispatcher\dispatcher.py", line 382, in start_polling
    updates = await self.bot.get_updates(
  File "C:\Users\georg\PycharmProjects\NoteBot\.venv\lib\site-packages\aiogram\bot\bot.py", line 110, in get_updates
    result = await self.request(api.Methods.GET_UPDATES, payload)
  File "C:\Users\georg\PycharmProjects\NoteBot\.venv\lib\site-packages\aiogram\bot\base.py", line 236, in request
    return await api.make_request(await self.get_session(), self.server, self.__token, method, data, files,
  File "C:\Users\georg\PycharmProjects\NoteBot\.venv\lib\site-packages\aiogram\bot\api.py", line 140, in make_request
    return check_result(method, response.content_type, response.status, await response.text())
  File "C:\Users\georg\PycharmProjects\NoteBot\.venv\lib\site-packages\aiogram\bot\api.py", line 119, in check_result
    exceptions.ConflictError.detect(description)
  File "C:\Users\georg\PycharmProjects\NoteBot\.venv\lib\site-packages\aiogram\utils\exceptions.py", line 140, in detect
    raise err(cls.text or description)
aiogram.utils.exceptions.TerminatedByOtherGetUpdates: Terminated by other getupdates request; make sure that only one bot instance is running
DEBUG    [2025-09-13 21:52:30,996] Make request: "getUpdates" with data: "{'timeout': 20}" and files "None"
DEBUG    [2025-09-13 21:52:31,049] Response for getUpdates: [409] "'{"ok":false,"error_code":409,"description":"Conflict: terminated by other getUpdates request; make sure that only one bot instance is running"}'"
ERROR    [2025-09-13 21:52:31,049] Cause exception while getting updates.
Traceback (most recent call last):
  File "C:\Users\georg\PycharmProjects\NoteBot\.venv\lib\site-packages\aiogram\dispatcher\dispatcher.py", line 382, in start_polling
    updates = await self.bot.get_updates(
  File "C:\Users\georg\PycharmProjects\NoteBot\.venv\lib\site-packages\aiogram\bot\bot.py", line 110, in get_updates
    result = await self.request(api.Methods.GET_UPDATES, payload)
  File "C:\Users\georg\PycharmProjects\NoteBot\.venv\lib\site-packages\aiogram\bot\base.py", line 236, in request
    return await api.make_request(await self.get_session(), self.server, self.__token, method, data, files,
  File "C:\Users\georg\PycharmProjects\NoteBot\.venv\lib\site-packages\aiogram\bot\api.py", line 140, in make_request
    return check_result(method, response.content_type, response.status, await response.text())
  File "C:\Users\georg\PycharmProjects\NoteBot\.venv\lib\site-packages\aiogram\bot\api.py", line 119, in check_result
    exceptions.ConflictError.detect(description)
  File "C:\Users\georg\PycharmProjects\NoteBot\.venv\lib\site-packages\aiogram\utils\exceptions.py", line 140, in detect
    raise err(cls.text or description)
aiogram.utils.exceptions.TerminatedByOtherGetUpdates: Terminated by other getupdates request; make sure that only one bot instance is running
DEBUG    [2025-09-13 21:52:36,062] Make request: "getUpdates" with data: "{'offset': 513136080, 'timeout': 20}" and files "None"
DEBUG    [2025-09-13 21:52:36,115] Response for getUpdates: [409] "'{"ok":false,"error_code":409,"description":"Conflict: terminated by other getUpdates request; make sure that only one bot instance is running"}'"
ERROR    [2025-09-13 21:52:36,116] Cause exception while getting updates.
Traceback (most recent call last):
  File "C:\Users\georg\PycharmProjects\NoteBot\.venv\lib\site-packages\aiogram\dispatcher\dispatcher.py", line 382, in start_polling
    updates = await self.bot.get_updates(
  File "C:\Users\georg\PycharmProjects\NoteBot\.venv\lib\site-packages\aiogram\bot\bot.py", line 110, in get_updates
    result = await self.request(api.Methods.GET_UPDATES, payload)
  File "C:\Users\georg\PycharmProjects\NoteBot\.venv\lib\site-packages\aiogram\bot\base.py", line 236, in request
    return await api.make_request(await self.get_session(), self.server, self.__token, method, data, files,
  File "C:\Users\georg\PycharmProjects\NoteBot\.venv\lib\site-packages\aiogram\bot\api.py", line 140, in make_request
    return check_result(method, response.content_type, response.status, await response.text())
  File "C:\Users\georg\PycharmProjects\NoteBot\.venv\lib\site-packages\aiogram\bot\api.py", line 119, in check_result
    exceptions.ConflictError.detect(description)
  File "C:\Users\georg\PycharmProjects\NoteBot\.venv\lib\site-packages\aiogram\utils\exceptions.py", line 140, in detect
    raise err(cls.text or description)
aiogram.utils.exceptions.TerminatedByOtherGetUpdates: Terminated by other getupdates request; make sure that only one bot instance is running
DEBUG    [2025-09-13 21:52:41,125] Make request: "getUpdates" with data: "{'timeout': 20}" and files "None"
DEBUG    [2025-09-13 21:52:41,178] Response for getUpdates: [409] "'{"ok":false,"error_code":409,"description":"Conflict: terminated by other getUpdates request; make sure that only one bot instance is running"}'"
ERROR    [2025-09-13 21:52:41,179] Cause exception while getting updates.
Traceback (most recent call last):
  File "C:\Users\georg\PycharmProjects\NoteBot\.venv\lib\site-packages\aiogram\dispatcher\dispatcher.py", line 382, in start_polling
    updates = await self.bot.get_updates(
  File "C:\Users\georg\PycharmProjects\NoteBot\.venv\lib\site-packages\aiogram\bot\bot.py", line 110, in get_updates
    result = await self.request(api.Methods.GET_UPDATES, payload)
  File "C:\Users\georg\PycharmProjects\NoteBot\.venv\lib\site-packages\aiogram\bot\base.py", line 236, in request
    return await api.make_request(await self.get_session(), self.server, self.__token, method, data, files,
  File "C:\Users\georg\PycharmProjects\NoteBot\.venv\lib\site-packages\aiogram\bot\api.py", line 140, in make_request
    return check_result(method, response.content_type, response.status, await response.text())
  File "C:\Users\georg\PycharmProjects\NoteBot\.venv\lib\site-packages\aiogram\bot\api.py", line 119, in check_result
    exceptions.ConflictError.detect(description)
  File "C:\Users\georg\PycharmProjects\NoteBot\.venv\lib\site-packages\aiogram\utils\exceptions.py", line 140, in detect
    raise err(cls.text or description)
aiogram.utils.exceptions.TerminatedByOtherGetUpdates: Terminated by other getupdates request; make sure that only one bot instance is running
DEBUG    [2025-09-13 21:52:46,193] Make request: "getUpdates" with data: "{'offset': 513136080, 'timeout': 20}" and files "None"
DEBUG    [2025-09-13 21:52:46,239] Response for getUpdates: [409] "'{"ok":false,"error_code":409,"description":"Conflict: terminated by other getUpdates request; make sure that only one bot instance is running"}'"
ERROR    [2025-09-13 21:52:46,240] Cause exception while getting updates.
Traceback (most recent call last):
  File "C:\Users\georg\PycharmProjects\NoteBot\.venv\lib\site-packages\aiogram\dispatcher\dispatcher.py", line 382, in start_polling
    updates = await self.bot.get_updates(
  File "C:\Users\georg\PycharmProjects\NoteBot\.venv\lib\site-packages\aiogram\bot\bot.py", line 110, in get_updates
    result = await self.request(api.Methods.GET_UPDATES, payload)
  File "C:\Users\georg\PycharmProjects\NoteBot\.venv\lib\site-packages\aiogram\bot\base.py", line 236, in request
    return await api.make_request(await self.get_session(), self.server, self.__token, method, data, files,
  File "C:\Users\georg\PycharmProjects\NoteBot\.venv\lib\site-packages\aiogram\bot\api.py", line 140, in make_request
    return check_result(method, response.content_type, response.status, await response.text())
  File "C:\Users\georg\PycharmProjects\NoteBot\.venv\lib\site-packages\aiogram\bot\api.py", line 119, in check_result
    exceptions.ConflictError.detect(description)
  File "C:\Users\georg\PycharmProjects\NoteBot\.venv\lib\site-packages\aiogram\utils\exceptions.py", line 140, in detect
    raise err(cls.text or description)
aiogram.utils.exceptions.TerminatedByOtherGetUpdates: Terminated by other getupdates request; make sure that only one bot instance is running
DEBUG    [2025-09-13 21:52:51,248] Make request: "getUpdates" with data: "{'timeout': 20}" and files "None"
DEBUG    [2025-09-13 21:52:51,304] Response for getUpdates: [409] "'{"ok":false,"error_code":409,"description":"Conflict: terminated by other getUpdates request; make sure that only one bot instance is running"}'"
ERROR    [2025-09-13 21:52:51,304] Cause exception while getting updates.
Traceback (most recent call last):
  File "C:\Users\georg\PycharmProjects\NoteBot\.venv\lib\site-packages\aiogram\dispatcher\dispatcher.py", line 382, in start_polling
    updates = await self.bot.get_updates(
  File "C:\Users\georg\PycharmProjects\NoteBot\.venv\lib\site-packages\aiogram\bot\bot.py", line 110, in get_updates
    result = await self.request(api.Methods.GET_UPDATES, payload)
  File "C:\Users\georg\PycharmProjects\NoteBot\.venv\lib\site-packages\aiogram\bot\base.py", line 236, in request
    return await api.make_request(await self.get_session(), self.server, self.__token, method, data, files,
  File "C:\Users\georg\PycharmProjects\NoteBot\.venv\lib\site-packages\aiogram\bot\api.py", line 140, in make_request
    return check_result(method, response.content_type, response.status, await response.text())
  File "C:\Users\georg\PycharmProjects\NoteBot\.venv\lib\site-packages\aiogram\bot\api.py", line 119, in check_result
    exceptions.ConflictError.detect(description)
  File "C:\Users\georg\PycharmProjects\NoteBot\.venv\lib\site-packages\aiogram\utils\exceptions.py", line 140, in detect
    raise err(cls.text or description)
aiogram.utils.exceptions.TerminatedByOtherGetUpdates: Terminated by other getupdates request; make sure that only one bot instance is running
DEBUG    [2025-09-13 21:52:56,319] Make request: "getUpdates" with data: "{'offset': 513136080, 'timeout': 20}" and files "None"
DEBUG    [2025-09-13 21:52:56,369] Response for getUpdates: [409] "'{"ok":false,"error_code":409,"description":"Conflict: terminated by other getUpdates request; make sure that only one bot instance is running"}'"
ERROR    [2025-09-13 21:52:56,370] Cause exception while getting updates.
Traceback (most recent call last):
  File "C:\Users\georg\PycharmProjects\NoteBot\.venv\lib\site-packages\aiogram\dispatcher\dispatcher.py", line 382, in start_polling
    updates = await self.bot.get_updates(
  File "C:\Users\georg\PycharmProjects\NoteBot\.venv\lib\site-packages\aiogram\bot\bot.py", line 110, in get_updates
    result = await self.request(api.Methods.GET_UPDATES, payload)
  File "C:\Users\georg\PycharmProjects\NoteBot\.venv\lib\site-packages\aiogram\bot\base.py", line 236, in request
    return await api.make_request(await self.get_session(), self.server, self.__token, method, data, files,
  File "C:\Users\georg\PycharmProjects\NoteBot\.venv\lib\site-packages\aiogram\bot\api.py", line 140, in make_request
    return check_result(method, response.content_type, response.status, await response.text())
  File "C:\Users\georg\PycharmProjects\NoteBot\.venv\lib\site-packages\aiogram\bot\api.py", line 119, in check_result
    exceptions.ConflictError.detect(description)
  File "C:\Users\georg\PycharmProjects\NoteBot\.venv\lib\site-packages\aiogram\utils\exceptions.py", line 140, in detect
    raise err(cls.text or description)
aiogram.utils.exceptions.TerminatedByOtherGetUpdates: Terminated by other getupdates request; make sure that only one bot instance is running
DEBUG    [2025-09-13 21:53:01,373] Make request: "getUpdates" with data: "{'timeout': 20}" and files "None"
DEBUG    [2025-09-13 21:53:01,428] Response for getUpdates: [409] "'{"ok":false,"error_code":409,"description":"Conflict: terminated by other getUpdates request; make sure that only one bot instance is running"}'"
ERROR    [2025-09-13 21:53:01,428] Cause exception while getting updates.
Traceback (most recent call last):
  File "C:\Users\georg\PycharmProjects\NoteBot\.venv\lib\site-packages\aiogram\dispatcher\dispatcher.py", line 382, in start_polling
    updates = await self.bot.get_updates(
  File "C:\Users\georg\PycharmProjects\NoteBot\.venv\lib\site-packages\aiogram\bot\bot.py", line 110, in get_updates
    result = await self.request(api.Methods.GET_UPDATES, payload)
  File "C:\Users\georg\PycharmProjects\NoteBot\.venv\lib\site-packages\aiogram\bot\base.py", line 236, in request
    return await api.make_request(await self.get_session(), self.server, self.__token, method, data, files,
  File "C:\Users\georg\PycharmProjects\NoteBot\.venv\lib\site-packages\aiogram\bot\api.py", line 140, in make_request
    return check_result(method, response.content_type, response.status, await response.text())
  File "C:\Users\georg\PycharmProjects\NoteBot\.venv\lib\site-packages\aiogram\bot\api.py", line 119, in check_result
    exceptions.ConflictError.detect(description)
  File "C:\Users\georg\PycharmProjects\NoteBot\.venv\lib\site-packages\aiogram\utils\exceptions.py", line 140, in detect
    raise err(cls.text or description)
aiogram.utils.exceptions.TerminatedByOtherGetUpdates: Terminated by other getupdates request; make sure that only one bot instance is running
DEBUG    [2025-09-13 21:53:06,445] Make request: "getUpdates" with data: "{'offset': 513136080, 'timeout': 20}" and files "None"
DEBUG    [2025-09-13 21:53:06,493] Response for getUpdates: [409] "'{"ok":false,"error_code":409,"description":"Conflict: terminated by other getUpdates request; make sure that only one bot instance is running"}'"
ERROR    [2025-09-13 21:53:06,494] Cause exception while getting updates.
Traceback (most recent call last):
  File "C:\Users\georg\PycharmProjects\NoteBot\.venv\lib\site-packages\aiogram\dispatcher\dispatcher.py", line 382, in start_polling
    updates = await self.bot.get_updates(
  File "C:\Users\georg\PycharmProjects\NoteBot\.venv\lib\site-packages\aiogram\bot\bot.py", line 110, in get_updates
    result = await self.request(api.Methods.GET_UPDATES, payload)
  File "C:\Users\georg\PycharmProjects\NoteBot\.venv\lib\site-packages\aiogram\bot\base.py", line 236, in request
    return await api.make_request(await self.get_session(), self.server, self.__token, method, data, files,
  File "C:\Users\georg\PycharmProjects\NoteBot\.venv\lib\site-packages\aiogram\bot\api.py", line 140, in make_request
    return check_result(method, response.content_type, response.status, await response.text())
  File "C:\Users\georg\PycharmProjects\NoteBot\.venv\lib\site-packages\aiogram\bot\api.py", line 119, in check_result
    exceptions.ConflictError.detect(description)
  File "C:\Users\georg\PycharmProjects\NoteBot\.venv\lib\site-packages\aiogram\utils\exceptions.py", line 140, in detect
    raise err(cls.text or description)
aiogram.utils.exceptions.TerminatedByOtherGetUpdates: Terminated by other getupdates request; make sure that only one bot instance is running
DEBUG    [2025-09-13 21:53:38,057] Using proactor: IocpProactor
DEBUG    [2025-09-13 21:53:38,060] Make request: "getMe" with data: "{}" and files "None"
DEBUG    [2025-09-13 21:53:38,214] Response for getMe: [200] "'{"ok":true,"result":{"id":8283224834,"is_bot":true,"first_name":"Note Bot","username":"NNNoteBot","can_join_groups":true,"can_read_all_group_messages":false,"supports_inline_queries":false,"can_connect_to_business":false,"has_main_web_app":false}}'"
INFO     [2025-09-13 21:53:38,214] Bot: Note Bot [@NNNoteBot]
DEBUG    [2025-09-13 21:53:38,214] Make request: "getWebhookInfo" with data: "{}" and files "None"
DEBUG    [2025-09-13 21:53:38,261] Response for getWebhookInfo: [200] "'{"ok":true,"result":{"url":"","has_custom_certificate":false,"pending_update_count":0,"allowed_updates":["message"]}}'"
DEBUG    [2025-09-13 21:53:38,261] Make request: "deleteWebhook" with data: "{'drop_pending_updates': True}" and files "None"
DEBUG    [2025-09-13 21:53:38,313] Response for deleteWebhook: [200] "'{"ok":true,"result":true,"description":"Webhook is already deleted"}'"
WARNING  [2025-09-13 21:53:38,313] Updates were skipped successfully.
INFO     [2025-09-13 21:53:38,313] Start polling.
DEBUG    [2025-09-13 21:53:38,313] Make request: "getWebhookInfo" with data: "{}" and files "None"
DEBUG    [2025-09-13 21:53:38,363] Response for getWebhookInfo: [200] "'{"ok":true,"result":{"url":"","has_custom_certificate":false,"pending_update_count":0,"allowed_updates":["message"]}}'"
DEBUG    [2025-09-13 21:53:38,363] Make request: "getUpdates" with data: "{'timeout': 20}" and files "None"
DEBUG    [2025-09-13 21:53:41,363] Response for getUpdates: [200] "'{"ok":true,"result":[{"update_id":513136080,\n"message":{"message_id":207,"from":{"id":6570278434,"is_bot":false,"first_name":"\\u0413\\u0435\\u043e\\u0440\\u0433\\u0438\\u0439","username":"gggeorgigg","language_code":"ru"},"chat":{"id":6570278434,"first_name":"\\u0413\\u0435\\u043e\\u0440\\u0433\\u0438\\u0439","username":"gggeorgigg","type":"private"},"date":1757789621,"text":"\\u041e\\u0442\\u043c\\u0435\\u043d\\u0430"}}]}'"
DEBUG    [2025-09-13 21:53:41,364] Received 1 updates.
DEBUG    [2025-09-13 21:53:41,477] Make request: "getUpdates" with data: "{'offset': 513136081, 'timeout': 20}" and files "None"
DEBUG    [2025-09-13 21:53:55,993] Response for getUpdates: [200] "'{"ok":true,"result":[{"update_id":513136081,\n"message":{"message_id":208,"from":{"id":6570278434,"is_bot":false,"first_name":"\\u0413\\u0435\\u043e\\u0440\\u0433\\u0438\\u0439","username":"gggeorgigg","language_code":"ru"},"chat":{"id":6570278434,"first_name":"\\u0413\\u0435\\u043e\\u0440\\u0433\\u0438\\u0439","username":"gggeorgigg","type":"private"},"date":1757789636,"text":"\\u041e\\u0442\\u043c\\u0435\\u043d\\u0430"}}]}'"
DEBUG    [2025-09-13 21:53:55,994] Received 1 updates.
DEBUG    [2025-09-13 21:53:56,102] Make request: "getUpdates" with data: "{'offset': 513136082, 'timeout': 20}" and files "None"
DEBUG    [2025-09-13 21:54:07,907] Response for getUpdates: [200] "'{"ok":true,"result":[{"update_id":513136082,\n"message":{"message_id":209,"from":{"id":6570278434,"is_bot":false,"first_name":"\\u0413\\u0435\\u043e\\u0440\\u0433\\u0438\\u0439","username":"gggeorgigg","language_code":"ru"},"chat":{"id":6570278434,"first_name":"\\u0413\\u0435\\u043e\\u0440\\u0433\\u0438\\u0439","username":"gggeorgigg","type":"private"},"date":1757789648,"text":"/start","entities":[{"offset":0,"length":6,"type":"bot_command"}]}}]}'"
DEBUG    [2025-09-13 21:54:07,908] Received 1 updates.
DEBUG    [2025-09-13 21:54:07,909] Make request: "sendMessage" with data: "{'chat_id': 6570278434, 'text': 'Выберите действие:', 'reply_markup': '{"keyboard": [["Список заметок"], ["Добавить заметку"]], "resize_keyboard": true}'}" and files "None"
DEBUG    [2025-09-13 21:54:07,979] Response for sendMessage: [200] "'{"ok":true,"result":{"message_id":210,"from":{"id":8283224834,"is_bot":true,"first_name":"Note Bot","username":"NNNoteBot"},"chat":{"id":6570278434,"first_name":"\\u0413\\u0435\\u043e\\u0440\\u0433\\u0438\\u0439","username":"gggeorgigg","type":"private"},"date":1757789648,"text":"\\u0412\\u044b\\u0431\\u0435\\u0440\\u0438\\u0442\\u0435 \\u0434\\u0435\\u0439\\u0441\\u0442\\u0432\\u0438\\u0435:"}}'"
DEBUG    [2025-09-13 21:54:08,022] Make request: "getUpdates" with data: "{'offset': 513136083, 'timeout': 20}" and files "None"
DEBUG    [2025-09-13 21:54:12,726] Response for getUpdates: [200] "'{"ok":true,"result":[{"update_id":513136083,\n"message":{"message_id":211,"from":{"id":6570278434,"is_bot":false,"first_name":"\\u0413\\u0435\\u043e\\u0440\\u0433\\u0438\\u0439","username":"gggeorgigg","language_code":"ru"},"chat":{"id":6570278434,"first_name":"\\u0413\\u0435\\u043e\\u0440\\u0433\\u0438\\u0439","username":"gggeorgigg","type":"private"},"date":1757789652,"text":"\\u0421\\u043f\\u0438\\u0441\\u043e\\u043a \\u0437\\u0430\\u043c\\u0435\\u0442\\u043e\\u043a"}}]}'"
DEBUG    [2025-09-13 21:54:12,727] Received 1 updates.
DEBUG    [2025-09-13 21:54:12,730] Make request: "sendMessage" with data: "{'chat_id': 6570278434, 'text': '1) *Дата и время:* 2025-09-13 21:54 *Текст:* 4\n2) *Дата и время:* 2025-09-13 21:56 *Текст:* 6\n3) *Дата и время:* 2025-09-13 21:57 *Текст:* kjnbrgtbr', 'parse_mode': 'Markdown', 'reply_markup': '{"keyboard": [["Список заметок"], ["Добавить заметку"], ["Удалить заметку"]], "resize_keyboard": true}'}" and files "None"
DEBUG    [2025-09-13 21:54:12,833] Make request: "getUpdates" with data: "{'offset': 513136084, 'timeout': 20}" and files "None"
DEBUG    [2025-09-13 21:54:12,842] Response for sendMessage: [200] "'{"ok":true,"result":{"message_id":212,"from":{"id":8283224834,"is_bot":true,"first_name":"Note Bot","username":"NNNoteBot"},"chat":{"id":6570278434,"first_name":"\\u0413\\u0435\\u043e\\u0440\\u0433\\u0438\\u0439","username":"gggeorgigg","type":"private"},"date":1757789653,"text":"1) \\u0414\\u0430\\u0442\\u0430 \\u0438 \\u0432\\u0440\\u0435\\u043c\\u044f: 2025-09-13 21:54 \\u0422\\u0435\\u043a\\u0441\\u0442: 4\\n2) \\u0414\\u0430\\u0442\\u0430 \\u0438 \\u0432\\u0440\\u0435\\u043c\\u044f: 2025-09-13 21:56 \\u0422\\u0435\\u043a\\u0441\\u0442: 6\\n3) \\u0414\\u0430\\u0442\\u0430 \\u0438 \\u0432\\u0440\\u0435\\u043c\\u044f: 2025-09-13 21:57 \\u0422\\u0435\\u043a\\u0441\\u0442: kjnbrgtbr","entities":[{"offset":3,"length":13,"type":"bold"},{"offset":34,"length":6,"type":"bold"},{"offset":46,"length":13,"type":"bold"},{"offset":77,"length":6,"type":"bold"},{"offset":89,"length":13,"type":"bold"},{"offset":120,"length":6,"type":"bold"}]}}'"
DEBUG    [2025-09-13 21:54:32,999] Response for getUpdates: [200] "'{"ok":true,"result":[]}'"
DEBUG    [2025-09-13 21:54:33,105] Make request: "getUpdates" with data: "{'offset': 513136084, 'timeout': 20}" and files "None"
DEBUG    [2025-09-13 21:54:38,064] Make request: "sendMessage" with data: "{'chat_id': 6570278434, 'text': '\U0001f514*Напоминание:* 4', 'parse_mode': 'Markdown'}" and files "None"
DEBUG    [2025-09-13 21:54:38,237] Response for sendMessage: [200] "'{"ok":true,"result":{"message_id":213,"from":{"id":8283224834,"is_bot":true,"first_name":"Note Bot","username":"NNNoteBot"},"chat":{"id":6570278434,"first_name":"\\u0413\\u0435\\u043e\\u0440\\u0433\\u0438\\u0439","username":"gggeorgigg","type":"private"},"date":1757789678,"text":"\\ud83d\\udd14\\u041d\\u0430\\u043f\\u043e\\u043c\\u0438\\u043d\\u0430\\u043d\\u0438\\u0435: 4","entities":[{"offset":2,"length":12,"type":"bold"}]}}'"
DEBUG    [2025-09-13 21:54:43,013] Response for getUpdates: [200] "'{"ok":true,"result":[{"update_id":513136084,\n"message":{"message_id":214,"from":{"id":6570278434,"is_bot":false,"first_name":"\\u0413\\u0435\\u043e\\u0440\\u0433\\u0438\\u0439","username":"gggeorgigg","language_code":"ru"},"chat":{"id":6570278434,"first_name":"\\u0413\\u0435\\u043e\\u0440\\u0433\\u0438\\u0439","username":"gggeorgigg","type":"private"},"date":1757789683,"text":"\\u0421\\u043f\\u0438\\u0441\\u043e\\u043a \\u0437\\u0430\\u043c\\u0435\\u0442\\u043e\\u043a"}}]}'"
DEBUG    [2025-09-13 21:54:43,013] Received 1 updates.
DEBUG    [2025-09-13 21:54:43,017] Make request: "sendMessage" with data: "{'chat_id': 6570278434, 'text': '2) *Дата и время:* 2025-09-13 21:56 *Текст:* 6\n3) *Дата и время:* 2025-09-13 21:57 *Текст:* kjnbrgtbr', 'parse_mode': 'Markdown', 'reply_markup': '{"keyboard": [["Список заметок"], ["Добавить заметку"], ["Удалить заметку"]], "resize_keyboard": true}'}" and files "None"
DEBUG    [2025-09-13 21:54:43,095] Response for sendMessage: [200] "'{"ok":true,"result":{"message_id":215,"from":{"id":8283224834,"is_bot":true,"first_name":"Note Bot","username":"NNNoteBot"},"chat":{"id":6570278434,"first_name":"\\u0413\\u0435\\u043e\\u0440\\u0433\\u0438\\u0439","username":"gggeorgigg","type":"private"},"date":1757789683,"text":"2) \\u0414\\u0430\\u0442\\u0430 \\u0438 \\u0432\\u0440\\u0435\\u043c\\u044f: 2025-09-13 21:56 \\u0422\\u0435\\u043a\\u0441\\u0442: 6\\n3) \\u0414\\u0430\\u0442\\u0430 \\u0438 \\u0432\\u0440\\u0435\\u043c\\u044f: 2025-09-13 21:57 \\u0422\\u0435\\u043a\\u0441\\u0442: kjnbrgtbr","entities":[{"offset":3,"length":13,"type":"bold"},{"offset":34,"length":6,"type":"bold"},{"offset":46,"length":13,"type":"bold"},{"offset":77,"length":6,"type":"bold"}]}}'"
DEBUG    [2025-09-13 21:54:43,096] Make request: "getUpdates" with data: "{'offset': 513136085, 'timeout': 20}" and files "None"
DEBUG    [2025-09-13 21:55:03,153] Response for getUpdates: [200] "'{"ok":true,"result":[]}'"
DEBUG    [2025-09-13 21:55:03,254] Make request: "getUpdates" with data: "{'offset': 513136085, 'timeout': 20}" and files "None"
DEBUG    [2025-09-13 21:55:06,622] Response for getUpdates: [200] "'{"ok":true,"result":[{"update_id":513136085,\n"message":{"message_id":216,"from":{"id":6570278434,"is_bot":false,"first_name":"\\u0413\\u0435\\u043e\\u0440\\u0433\\u0438\\u0439","username":"gggeorgigg","language_code":"ru"},"chat":{"id":6570278434,"first_name":"\\u0413\\u0435\\u043e\\u0440\\u0433\\u0438\\u0439","username":"gggeorgigg","type":"private"},"date":1757789706,"text":"\\u0414\\u043e\\u0431\\u0430\\u0432\\u0438\\u0442\\u044c \\u0437\\u0430\\u043c\\u0435\\u0442\\u043a\\u0443"}}]}'"
DEBUG    [2025-09-13 21:55:06,622] Received 1 updates.
DEBUG    [2025-09-13 21:55:06,623] Make request: "sendMessage" with data: "{'chat_id': 6570278434, 'text': '\U0001f5d3 Введите время в формате *ГГГГ-ММ-ДД ЧЧ:ММ*:', 'parse_mode': 'Markdown', 'reply_markup': '{"keyboard": [["Отмена"]], "resize_keyboard": true}'}" and files "None"
DEBUG    [2025-09-13 21:55:06,710] Response for sendMessage: [200] "'{"ok":true,"result":{"message_id":217,"from":{"id":8283224834,"is_bot":true,"first_name":"Note Bot","username":"NNNoteBot"},"chat":{"id":6570278434,"first_name":"\\u0413\\u0435\\u043e\\u0440\\u0433\\u0438\\u0439","username":"gggeorgigg","type":"private"},"date":1757789706,"text":"\\ud83d\\uddd3 \\u0412\\u0432\\u0435\\u0434\\u0438\\u0442\\u0435 \\u0432\\u0440\\u0435\\u043c\\u044f \\u0432 \\u0444\\u043e\\u0440\\u043c\\u0430\\u0442\\u0435 \\u0413\\u0413\\u0413\\u0413-\\u041c\\u041c-\\u0414\\u0414 \\u0427\\u0427:\\u041c\\u041c:","entities":[{"offset":27,"length":16,"type":"bold"}]}}'"
DEBUG    [2025-09-13 21:55:06,710] Make request: "getUpdates" with data: "{'offset': 513136086, 'timeout': 20}" and files "None"
DEBUG    [2025-09-13 21:55:15,402] Response for getUpdates: [200] "'{"ok":true,"result":[{"update_id":513136086,\n"message":{"message_id":218,"from":{"id":6570278434,"is_bot":false,"first_name":"\\u0413\\u0435\\u043e\\u0440\\u0433\\u0438\\u0439","username":"gggeorgigg","language_code":"ru"},"chat":{"id":6570278434,"first_name":"\\u0413\\u0435\\u043e\\u0440\\u0433\\u0438\\u0439","username":"gggeorgigg","type":"private"},"date":1757789715,"text":"2025-09-13 21:59"}}]}'"
DEBUG    [2025-09-13 21:55:15,403] Received 1 updates.
DEBUG    [2025-09-13 21:55:15,409] Make request: "sendMessage" with data: "{'chat_id': 6570278434, 'text': '\U0001f4ac Введите текст заметки:'}" and files "None"
DEBUG    [2025-09-13 21:55:15,488] Response for sendMessage: [200] "'{"ok":true,"result":{"message_id":219,"from":{"id":8283224834,"is_bot":true,"first_name":"Note Bot","username":"NNNoteBot"},"chat":{"id":6570278434,"first_name":"\\u0413\\u0435\\u043e\\u0440\\u0433\\u0438\\u0439","username":"gggeorgigg","type":"private"},"date":1757789715,"text":"\\ud83d\\udcac \\u0412\\u0432\\u0435\\u0434\\u0438\\u0442\\u0435 \\u0442\\u0435\\u043a\\u0441\\u0442 \\u0437\\u0430\\u043c\\u0435\\u0442\\u043a\\u0438:"}}'"
DEBUG    [2025-09-13 21:55:15,489] Make request: "getUpdates" with data: "{'offset': 513136087, 'timeout': 20}" and files "None"
DEBUG    [2025-09-13 21:55:19,020] Response for getUpdates: [200] "'{"ok":true,"result":[{"update_id":513136087,\n"message":{"message_id":220,"from":{"id":6570278434,"is_bot":false,"first_name":"\\u0413\\u0435\\u043e\\u0440\\u0433\\u0438\\u0439","username":"gggeorgigg","language_code":"ru"},"chat":{"id":6570278434,"first_name":"\\u0413\\u0435\\u043e\\u0440\\u0433\\u0438\\u0439","username":"gggeorgigg","type":"private"},"date":1757789719,"text":"66666"}}]}'"
DEBUG    [2025-09-13 21:55:19,021] Received 1 updates.
DEBUG    [2025-09-13 21:55:19,031] Make request: "sendMessage" with data: "{'chat_id': 6570278434, 'text': '\u2705 *Заметка сохранена:* 66666\n*Дата и время:* 2025-09-13 21:59', 'parse_mode': 'Markdown', 'reply_markup': '{"keyboard": [["Список заметок"], ["Добавить заметку"]], "resize_keyboard": true}'}" and files "None"
DEBUG    [2025-09-13 21:55:19,132] Make request: "getUpdates" with data: "{'offset': 513136088, 'timeout': 20}" and files "None"
DEBUG    [2025-09-13 21:55:19,208] Response for sendMessage: [200] "'{"ok":true,"result":{"message_id":221,"from":{"id":8283224834,"is_bot":true,"first_name":"Note Bot","username":"NNNoteBot"},"chat":{"id":6570278434,"first_name":"\\u0413\\u0435\\u043e\\u0440\\u0433\\u0438\\u0439","username":"gggeorgigg","type":"private"},"date":1757789719,"text":"\\u2705 \\u0417\\u0430\\u043c\\u0435\\u0442\\u043a\\u0430 \\u0441\\u043e\\u0445\\u0440\\u0430\\u043d\\u0435\\u043d\\u0430: 66666\\n\\u0414\\u0430\\u0442\\u0430 \\u0438 \\u0432\\u0440\\u0435\\u043c\\u044f: 2025-09-13 21:59","entities":[{"offset":2,"length":18,"type":"bold"},{"offset":27,"length":13,"type":"bold"}]}}'"
DEBUG    [2025-09-13 21:55:20,705] Response for getUpdates: [200] "'{"ok":true,"result":[{"update_id":513136088,\n"message":{"message_id":222,"from":{"id":6570278434,"is_bot":false,"first_name":"\\u0413\\u0435\\u043e\\u0440\\u0433\\u0438\\u0439","username":"gggeorgigg","language_code":"ru"},"chat":{"id":6570278434,"first_name":"\\u0413\\u0435\\u043e\\u0440\\u0433\\u0438\\u0439","username":"gggeorgigg","type":"private"},"date":1757789720,"text":"\\u0421\\u043f\\u0438\\u0441\\u043e\\u043a \\u0437\\u0430\\u043c\\u0435\\u0442\\u043e\\u043a"}}]}'"
DEBUG    [2025-09-13 21:55:20,706] Received 1 updates.
DEBUG    [2025-09-13 21:55:20,709] Make request: "sendMessage" with data: "{'chat_id': 6570278434, 'text': '2) *Дата и время:* 2025-09-13 21:56 *Текст:* 6\n3) *Дата и время:* 2025-09-13 21:57 *Текст:* kjnbrgtbr\n7) *Дата и время:* 2025-09-13 21:59 *Текст:* 66666', 'parse_mode': 'Markdown', 'reply_markup': '{"keyboard": [["Список заметок"], ["Добавить заметку"], ["Удалить заметку"]], "resize_keyboard": true}'}" and files "None"
DEBUG    [2025-09-13 21:55:20,817] Response for sendMessage: [200] "'{"ok":true,"result":{"message_id":223,"from":{"id":8283224834,"is_bot":true,"first_name":"Note Bot","username":"NNNoteBot"},"chat":{"id":6570278434,"first_name":"\\u0413\\u0435\\u043e\\u0440\\u0433\\u0438\\u0439","username":"gggeorgigg","type":"private"},"date":1757789721,"text":"2) \\u0414\\u0430\\u0442\\u0430 \\u0438 \\u0432\\u0440\\u0435\\u043c\\u044f: 2025-09-13 21:56 \\u0422\\u0435\\u043a\\u0441\\u0442: 6\\n3) \\u0414\\u0430\\u0442\\u0430 \\u0438 \\u0432\\u0440\\u0435\\u043c\\u044f: 2025-09-13 21:57 \\u0422\\u0435\\u043a\\u0441\\u0442: kjnbrgtbr\\n7) \\u0414\\u0430\\u0442\\u0430 \\u0438 \\u0432\\u0440\\u0435\\u043c\\u044f: 2025-09-13 21:59 \\u0422\\u0435\\u043a\\u0441\\u0442: 66666","entities":[{"offset":3,"length":13,"type":"bold"},{"offset":34,"length":6,"type":"bold"},{"offset":46,"length":13,"type":"bold"},{"offset":77,"length":6,"type":"bold"},{"offset":97,"length":13,"type":"bold"},{"offset":128,"length":6,"type":"bold"}]}}'"
DEBUG    [2025-09-13 21:55:20,818] Make request: "getUpdates" with data: "{'offset': 513136089, 'timeout': 20}" and files "None"
DEBUG    [2025-09-13 21:55:40,871] Response for getUpdates: [200] "'{"ok":true,"result":[]}'"
DEBUG    [2025-09-13 21:55:40,975] Make request: "getUpdates" with data: "{'offset': 513136089, 'timeout': 20}" and files "None"
DEBUG    [2025-09-13 21:56:01,027] Response for getUpdates: [200] "'{"ok":true,"result":[]}'"
DEBUG    [2025-09-13 21:56:01,140] Make request: "getUpdates" with data: "{'offset': 513136089, 'timeout': 20}" and files "None"
DEBUG    [2025-09-13 21:56:21,195] Response for getUpdates: [200] "'{"ok":true,"result":[]}'"
DEBUG    [2025-09-13 21:56:21,311] Make request: "getUpdates" with data: "{'offset': 513136089, 'timeout': 20}" and files "None"
DEBUG    [2025-09-13 21:56:38,257] Make request: "sendMessage" with data: "{'chat_id': 6570278434, 'text': '\U0001f514*Напоминание:* 6', 'parse_mode': 'Markdown'}" and files "None"
DEBUG    [2025-09-13 21:56:38,530] Response for sendMessage: [200] "'{"ok":true,"result":{"message_id":224,"from":{"id":8283224834,"is_bot":true,"first_name":"Note Bot","username":"NNNoteBot"},"chat":{"id":6570278434,"first_name":"\\u0413\\u0435\\u043e\\u0440\\u0433\\u0438\\u0439","username":"gggeorgigg","type":"private"},"date":1757789798,"text":"\\ud83d\\udd14\\u041d\\u0430\\u043f\\u043e\\u043c\\u0438\\u043d\\u0430\\u043d\\u0438\\u0435: 6","entities":[{"offset":2,"length":12,"type":"bold"}]}}'"
DEBUG    [2025-09-13 21:56:41,364] Response for getUpdates: [200] "'{"ok":true,"result":[]}'"
DEBUG    [2025-09-13 21:56:41,468] Make request: "getUpdates" with data: "{'offset': 513136089, 'timeout': 20}" and files "None"
DEBUG    [2025-09-13 21:57:01,523] Response for getUpdates: [200] "'{"ok":true,"result":[]}'"
DEBUG    [2025-09-13 21:57:01,636] Make request: "getUpdates" with data: "{'offset': 513136089, 'timeout': 20}" and files "None"
DEBUG    [2025-09-13 21:57:21,691] Response for getUpdates: [200] "'{"ok":true,"result":[]}'"
DEBUG    [2025-09-13 21:57:21,807] Make request: "getUpdates" with data: "{'offset': 513136089, 'timeout': 20}" and files "None"
DEBUG    [2025-09-13 21:57:38,548] Make request: "sendMessage" with data: "{'chat_id': 6570278434, 'text': '\U0001f514*Напоминание:* kjnbrgtbr', 'parse_mode': 'Markdown'}" and files "None"
DEBUG    [2025-09-13 21:57:38,760] Response for sendMessage: [200] "'{"ok":true,"result":{"message_id":225,"from":{"id":8283224834,"is_bot":true,"first_name":"Note Bot","username":"NNNoteBot"},"chat":{"id":6570278434,"first_name":"\\u0413\\u0435\\u043e\\u0440\\u0433\\u0438\\u0439","username":"gggeorgigg","type":"private"},"date":1757789859,"text":"\\ud83d\\udd14\\u041d\\u0430\\u043f\\u043e\\u043c\\u0438\\u043d\\u0430\\u043d\\u0438\\u0435: kjnbrgtbr","entities":[{"offset":2,"length":12,"type":"bold"}]}}'"
DEBUG    [2025-09-13 21:57:41,862] Response for getUpdates: [200] "'{"ok":true,"result":[]}'"
DEBUG    [2025-09-13 21:57:41,974] Make request: "getUpdates" with data: "{'offset': 513136089, 'timeout': 20}" and files "None"
DEBUG    [2025-09-13 21:58:02,027] Response for getUpdates: [200] "'{"ok":true,"result":[]}'"
DEBUG    [2025-09-13 21:58:02,143] Make request: "getUpdates" with data: "{'offset': 513136089, 'timeout': 20}" and files "None"
DEBUG    [2025-09-13 21:58:22,199] Response for getUpdates: [200] "'{"ok":true,"result":[]}'"
DEBUG    [2025-09-13 21:58:22,303] Make request: "getUpdates" with data: "{'offset': 513136089, 'timeout': 20}" and files "None"
DEBUG    [2025-09-13 21:58:42,358] Response for getUpdates: [200] "'{"ok":true,"result":[]}'"
DEBUG    [2025-09-13 21:58:42,461] Make request: "getUpdates" with data: "{'offset': 513136089, 'timeout': 20}" and files "None"
DEBUG    [2025-09-13 21:59:02,513] Response for getUpdates: [200] "'{"ok":true,"result":[]}'"
DEBUG    [2025-09-13 21:59:02,620] Make request: "getUpdates" with data: "{'offset': 513136089, 'timeout': 20}" and files "None"
INFO     [2025-09-13 21:59:16,239] Stop polling...
WARNING  [2025-09-13 21:59:16,239] Goodbye!
INFO     [2025-09-13 21:59:16,239] Bot: Note Bot [@NNNoteBot]
DEBUG    [2025-09-13 21:59:16,239] Make request: "getWebhookInfo" with data: "{}" and files "None"
DEBUG    [2025-09-13 21:59:16,409] Response for getWebhookInfo: [200] "'{"ok":true,"result":{"url":"","has_custom_certificate":false,"pending_update_count":0,"allowed_updates":["message"]}}'"
DEBUG    [2025-09-13 21:59:16,410] Make request: "deleteWebhook" with data: "{'drop_pending_updates': True}" and files "None"
DEBUG    [2025-09-13 21:59:16,461] Response for deleteWebhook: [200] "'{"ok":true,"result":true,"description":"Webhook is already deleted"}'"
WARNING  [2025-09-13 21:59:16,461] Updates were skipped successfully.
INFO     [2025-09-13 21:59:16,461] Start polling.
DEBUG    [2025-09-13 21:59:16,461] Make request: "getWebhookInfo" with data: "{}" and files "None"
DEBUG    [2025-09-13 21:59:16,515] Response for getWebhookInfo: [200] "'{"ok":true,"result":{"url":"","has_custom_certificate":false,"pending_update_count":0,"allowed_updates":["message"]}}'"
DEBUG    [2025-09-13 21:59:16,515] Make request: "getUpdates" with data: "{'timeout': 20}" and files "None"
ERROR    [2025-09-13 21:59:16,567] Cause exception while getting updates.
Traceback (most recent call last):
  File "C:\Users\georg\PycharmProjects\NoteBot\.venv\lib\site-packages\aiogram\bot\api.py", line 139, in make_request
    async with session.post(url, data=req, **kwargs) as response:
  File "C:\Users\georg\PycharmProjects\NoteBot\.venv\lib\site-packages\aiohttp\client.py", line 1167, in __aenter__
    self._resp = await self._coro
  File "C:\Users\georg\PycharmProjects\NoteBot\.venv\lib\site-packages\aiohttp\client.py", line 586, in _request
    await resp.start(conn)
  File "C:\Users\georg\PycharmProjects\NoteBot\.venv\lib\site-packages\aiohttp\client_reqrep.py", line 905, in start
    message, payload = await protocol.read()  # type: ignore[union-attr]
  File "C:\Users\georg\PycharmProjects\NoteBot\.venv\lib\site-packages\aiohttp\streams.py", line 616, in read
    await self._waiter
aiohttp.client_exceptions.ClientOSError: [Errno 1] [SSL: APPLICATION_DATA_AFTER_CLOSE_NOTIFY] application data after close notify (_ssl.c:2702)

During handling of the above exception, another exception occurred:

Traceback (most recent call last):
  File "C:\Users\georg\PycharmProjects\NoteBot\.venv\lib\site-packages\aiogram\dispatcher\dispatcher.py", line 382, in start_polling
    updates = await self.bot.get_updates(
  File "C:\Users\georg\PycharmProjects\NoteBot\.venv\lib\site-packages\aiogram\bot\bot.py", line 110, in get_updates
    result = await self.request(api.Methods.GET_UPDATES, payload)
  File "C:\Users\georg\PycharmProjects\NoteBot\.venv\lib\site-packages\aiogram\bot\base.py", line 236, in request
    return await api.make_request(await self.get_session(), self.server, self.__token, method, data, files,
  File "C:\Users\georg\PycharmProjects\NoteBot\.venv\lib\site-packages\aiogram\bot\api.py", line 142, in make_request
    raise exceptions.NetworkError(f"aiohttp client throws an error: {e.__class__.__name__}: {e}")
aiogram.utils.exceptions.NetworkError: Aiohttp client throws an error: ClientOSError: [Errno 1] [SSL: APPLICATION_DATA_AFTER_CLOSE_NOTIFY] application data after close notify (_ssl.c:2702)
DEBUG    [2025-09-13 21:59:20,227] Using proactor: IocpProactor
DEBUG    [2025-09-13 21:59:20,228] Make request: "sendMessage" with data: "{'chat_id': 6570278434, 'text': '\U0001f514*Напоминание:* 66666', 'parse_mode': 'Markdown'}" and files "None"
DEBUG    [2025-09-13 21:59:20,229] Make request: "getMe" with data: "{}" and files "None"
DEBUG    [2025-09-13 21:59:20,382] Response for getMe: [200] "'{"ok":true,"result":{"id":8283224834,"is_bot":true,"first_name":"Note Bot","username":"NNNoteBot","can_join_groups":true,"can_read_all_group_messages":false,"supports_inline_queries":false,"can_connect_to_business":false,"has_main_web_app":false}}'"
INFO     [2025-09-13 21:59:20,382] Bot: Note Bot [@NNNoteBot]
DEBUG    [2025-09-13 21:59:20,382] Make request: "getWebhookInfo" with data: "{}" and files "None"
DEBUG    [2025-09-13 21:59:20,431] Response for getWebhookInfo: [200] "'{"ok":true,"result":{"url":"","has_custom_certificate":false,"pending_update_count":0,"allowed_updates":["message"]}}'"
DEBUG    [2025-09-13 21:59:20,431] Make request: "deleteWebhook" with data: "{'drop_pending_updates': True}" and files "None"
DEBUG    [2025-09-13 21:59:20,438] Response for sendMessage: [200] "'{"ok":true,"result":{"message_id":226,"from":{"id":8283224834,"is_bot":true,"first_name":"Note Bot","username":"NNNoteBot"},"chat":{"id":6570278434,"first_name":"\\u0413\\u0435\\u043e\\u0440\\u0433\\u0438\\u0439","username":"gggeorgigg","type":"private"},"date":1757789960,"text":"\\ud83d\\udd14\\u041d\\u0430\\u043f\\u043e\\u043c\\u0438\\u043d\\u0430\\u043d\\u0438\\u0435: 66666","entities":[{"offset":2,"length":12,"type":"bold"}]}}'"
DEBUG    [2025-09-13 21:59:20,477] Response for deleteWebhook: [200] "'{"ok":true,"result":true,"description":"Webhook is already deleted"}'"
WARNING  [2025-09-13 21:59:20,477] Updates were skipped successfully.
INFO     [2025-09-13 21:59:20,477] Start polling.
DEBUG    [2025-09-13 21:59:20,477] Make request: "getWebhookInfo" with data: "{}" and files "None"
DEBUG    [2025-09-13 21:59:20,526] Response for getWebhookInfo: [200] "'{"ok":true,"result":{"url":"","has_custom_certificate":false,"pending_update_count":0,"allowed_updates":["message"]}}'"
DEBUG    [2025-09-13 21:59:20,527] Make request: "getUpdates" with data: "{'timeout': 20}" and files "None"
DEBUG    [2025-09-13 21:59:25,406] Response for getUpdates: [200] "'{"ok":true,"result":[{"update_id":513136089,\n"message":{"message_id":227,"from":{"id":6570278434,"is_bot":false,"first_name":"\\u0413\\u0435\\u043e\\u0440\\u0433\\u0438\\u0439","username":"gggeorgigg","language_code":"ru"},"chat":{"id":6570278434,"first_name":"\\u0413\\u0435\\u043e\\u0440\\u0433\\u0438\\u0439","username":"gggeorgigg","type":"private"},"date":1757789965,"text":"\\u0414\\u043e\\u0431\\u0430\\u0432\\u0438\\u0442\\u044c \\u0437\\u0430\\u043c\\u0435\\u0442\\u043a\\u0443"}}]}'"
DEBUG    [2025-09-13 21:59:25,406] Received 1 updates.
DEBUG    [2025-09-13 21:59:25,406] Make request: "sendMessage" with data: "{'chat_id': 6570278434, 'text': '\U0001f5d3 Введите время в формате *ГГГГ-ММ-ДД ЧЧ:ММ*:', 'parse_mode': 'Markdown', 'reply_markup': '{"keyboard": [["Отмена"]], "resize_keyboard": true}'}" and files "None"
DEBUG    [2025-09-13 21:59:25,471] Response for sendMessage: [200] "'{"ok":true,"result":{"message_id":228,"from":{"id":8283224834,"is_bot":true,"first_name":"Note Bot","username":"NNNoteBot"},"chat":{"id":6570278434,"first_name":"\\u0413\\u0435\\u043e\\u0440\\u0433\\u0438\\u0439","username":"gggeorgigg","type":"private"},"date":1757789965,"text":"\\ud83d\\uddd3 \\u0412\\u0432\\u0435\\u0434\\u0438\\u0442\\u0435 \\u0432\\u0440\\u0435\\u043c\\u044f \\u0432 \\u0444\\u043e\\u0440\\u043c\\u0430\\u0442\\u0435 \\u0413\\u0413\\u0413\\u0413-\\u041c\\u041c-\\u0414\\u0414 \\u0427\\u0427:\\u041c\\u041c:","entities":[{"offset":27,"length":16,"type":"bold"}]}}'"
DEBUG    [2025-09-13 21:59:25,500] Make request: "getUpdates" with data: "{'offset': 513136090, 'timeout': 20}" and files "None"
DEBUG    [2025-09-13 21:59:27,614] Response for getUpdates: [200] "'{"ok":true,"result":[{"update_id":513136090,\n"message":{"message_id":229,"from":{"id":6570278434,"is_bot":false,"first_name":"\\u0413\\u0435\\u043e\\u0440\\u0433\\u0438\\u0439","username":"gggeorgigg","language_code":"ru"},"chat":{"id":6570278434,"first_name":"\\u0413\\u0435\\u043e\\u0440\\u0433\\u0438\\u0439","username":"gggeorgigg","type":"private"},"date":1757789967,"text":"efgre"}}]}'"
DEBUG    [2025-09-13 21:59:27,614] Received 1 updates.
DEBUG    [2025-09-13 21:59:27,615] Make request: "sendMessage" with data: "{'chat_id': 6570278434, 'text': '\U0001f4ac Введите текст заметки:'}" and files "None"
DEBUG    [2025-09-13 21:59:27,698] Response for sendMessage: [200] "'{"ok":true,"result":{"message_id":230,"from":{"id":8283224834,"is_bot":true,"first_name":"Note Bot","username":"NNNoteBot"},"chat":{"id":6570278434,"first_name":"\\u0413\\u0435\\u043e\\u0440\\u0433\\u0438\\u0439","username":"gggeorgigg","type":"private"},"date":1757789967,"text":"\\ud83d\\udcac \\u0412\\u0432\\u0435\\u0434\\u0438\\u0442\\u0435 \\u0442\\u0435\\u043a\\u0441\\u0442 \\u0437\\u0430\\u043c\\u0435\\u0442\\u043a\\u0438:"}}'"
DEBUG    [2025-09-13 21:59:27,734] Make request: "getUpdates" with data: "{'offset': 513136091, 'timeout': 20}" and files "None"
DEBUG    [2025-09-13 21:59:30,403] Response for getUpdates: [200] "'{"ok":true,"result":[{"update_id":513136091,\n"message":{"message_id":231,"from":{"id":6570278434,"is_bot":false,"first_name":"\\u0413\\u0435\\u043e\\u0440\\u0433\\u0438\\u0439","username":"gggeorgigg","language_code":"ru"},"chat":{"id":6570278434,"first_name":"\\u0413\\u0435\\u043e\\u0440\\u0433\\u0438\\u0439","username":"gggeorgigg","type":"private"},"date":1757789970,"text":"ergergrt"}}]}'"
DEBUG    [2025-09-13 21:59:30,403] Received 1 updates.
DEBUG    [2025-09-13 21:59:30,413] Make request: "sendMessage" with data: "{'chat_id': 6570278434, 'text': '\u2705 *Заметка сохранена:* ergergrt\n*Дата и время:* efgre', 'parse_mode': 'Markdown', 'reply_markup': '{"keyboard": [["Список заметок"], ["Добавить заметку"]], "resize_keyboard": true}'}" and files "None"
DEBUG    [2025-09-13 21:59:30,480] Response for sendMessage: [200] "'{"ok":true,"result":{"message_id":232,"from":{"id":8283224834,"is_bot":true,"first_name":"Note Bot","username":"NNNoteBot"},"chat":{"id":6570278434,"first_name":"\\u0413\\u0435\\u043e\\u0440\\u0433\\u0438\\u0439","username":"gggeorgigg","type":"private"},"date":1757789970,"text":"\\u2705 \\u0417\\u0430\\u043c\\u0435\\u0442\\u043a\\u0430 \\u0441\\u043e\\u0445\\u0440\\u0430\\u043d\\u0435\\u043d\\u0430: ergergrt\\n\\u0414\\u0430\\u0442\\u0430 \\u0438 \\u0432\\u0440\\u0435\\u043c\\u044f: efgre","entities":[{"offset":2,"length":18,"type":"bold"},{"offset":30,"length":13,"type":"bold"}]}}'"
DEBUG    [2025-09-13 21:59:30,512] Make request: "getUpdates" with data: "{'offset': 513136092, 'timeout': 20}" and files "None"
DEBUG    [2025-09-13 21:59:32,791] Response for getUpdates: [200] "'{"ok":true,"result":[{"update_id":513136092,\n"message":{"message_id":233,"from":{"id":6570278434,"is_bot":false,"first_name":"\\u0413\\u0435\\u043e\\u0440\\u0433\\u0438\\u0439","username":"gggeorgigg","language_code":"ru"},"chat":{"id":6570278434,"first_name":"\\u0413\\u0435\\u043e\\u0440\\u0433\\u0438\\u0439","username":"gggeorgigg","type":"private"},"date":1757789973,"text":"\\u0421\\u043f\\u0438\\u0441\\u043e\\u043a \\u0437\\u0430\\u043c\\u0435\\u0442\\u043e\\u043a"}}]}'"
DEBUG    [2025-09-13 21:59:32,791] Received 1 updates.
DEBUG    [2025-09-13 21:59:32,792] Make request: "sendMessage" with data: "{'chat_id': 6570278434, 'text': '8) *Дата и время:* efgre *Текст:* ergergrt', 'parse_mode': 'Markdown', 'reply_markup': '{"keyboard": [["Список заметок"], ["Добавить заметку"], ["Удалить заметку"]], "resize_keyboard": true}'}" and files "None"
DEBUG    [2025-09-13 21:59:32,861] Response for sendMessage: [200] "'{"ok":true,"result":{"message_id":234,"from":{"id":8283224834,"is_bot":true,"first_name":"Note Bot","username":"NNNoteBot"},"chat":{"id":6570278434,"first_name":"\\u0413\\u0435\\u043e\\u0440\\u0433\\u0438\\u0439","username":"gggeorgigg","type":"private"},"date":1757789973,"text":"8) \\u0414\\u0430\\u0442\\u0430 \\u0438 \\u0432\\u0440\\u0435\\u043c\\u044f: efgre \\u0422\\u0435\\u043a\\u0441\\u0442: ergergrt","entities":[{"offset":3,"length":13,"type":"bold"},{"offset":23,"length":6,"type":"bold"}]}}'"
DEBUG    [2025-09-13 21:59:32,889] Make request: "getUpdates" with data: "{'offset': 513136093, 'timeout': 20}" and files "None"
DEBUG    [2025-09-13 21:59:52,936] Response for getUpdates: [200] "'{"ok":true,"result":[]}'"
DEBUG    [2025-09-13 21:59:53,041] Make request: "getUpdates" with data: "{'offset': 513136093, 'timeout': 20}" and files "None"
DEBUG    [2025-09-13 22:00:13,088] Response for getUpdates: [200] "'{"ok":true,"result":[]}'"
DEBUG    [2025-09-13 22:00:13,199] Make request: "getUpdates" with data: "{'offset': 513136093, 'timeout': 20}" and files "None"
DEBUG    [2025-09-13 22:00:33,246] Response for getUpdates: [200] "'{"ok":true,"result":[]}'"
DEBUG    [2025-09-13 22:00:33,355] Make request: "getUpdates" with data: "{'offset': 513136093, 'timeout': 20}" and files "None"
DEBUG    [2025-09-13 22:00:53,401] Response for getUpdates: [200] "'{"ok":true,"result":[]}'"
DEBUG    [2025-09-13 22:00:53,510] Make request: "getUpdates" with data: "{'offset': 513136093, 'timeout': 20}" and files "None"
DEBUG    [2025-09-13 22:01:13,558] Response for getUpdates: [200] "'{"ok":true,"result":[]}'"
DEBUG    [2025-09-13 22:01:13,660] Make request: "getUpdates" with data: "{'offset': 513136093, 'timeout': 20}" and files "None"
DEBUG    [2025-09-13 22:01:33,706] Response for getUpdates: [200] "'{"ok":true,"result":[]}'"
DEBUG    [2025-09-13 22:01:33,821] Make request: "getUpdates" with data: "{'offset': 513136093, 'timeout': 20}" and files "None"
DEBUG    [2025-09-13 22:01:53,871] Response for getUpdates: [200] "'{"ok":true,"result":[]}'"
DEBUG    [2025-09-13 22:01:53,974] Make request: "getUpdates" with data: "{'offset': 513136093, 'timeout': 20}" and files "None"
DEBUG    [2025-09-13 22:02:14,024] Response for getUpdates: [200] "'{"ok":true,"result":[]}'"
DEBUG    [2025-09-13 22:02:14,135] Make request: "getUpdates" with data: "{'offset': 513136093, 'timeout': 20}" and files "None"
DEBUG    [2025-09-13 22:02:34,184] Response for getUpdates: [200] "'{"ok":true,"result":[]}'"
DEBUG    [2025-09-13 22:02:34,294] Make request: "getUpdates" with data: "{'offset': 513136093, 'timeout': 20}" and files "None"
DEBUG    [2025-09-13 22:02:54,344] Response for getUpdates: [200] "'{"ok":true,"result":[]}'"
DEBUG    [2025-09-13 22:02:54,453] Make request: "getUpdates" with data: "{'offset': 513136093, 'timeout': 20}" and files "None"
DEBUG    [2025-09-13 22:02:55,793] Response for getUpdates: [200] "'{"ok":true,"result":[{"update_id":513136093,\n"message":{"message_id":235,"from":{"id":1182452784,"is_bot":false,"first_name":"vovkaban","username":"vovkaban335","language_code":"ru"},"chat":{"id":1182452784,"first_name":"vovkaban","username":"vovkaban335","type":"private"},"date":1757790176,"text":"\\u0421\\u043f\\u0438\\u0441\\u043e\\u043a \\u0437\\u0430\\u043c\\u0435\\u0442\\u043e\\u043a"}}]}'"
DEBUG    [2025-09-13 22:02:55,794] Received 1 updates.
DEBUG    [2025-09-13 22:02:55,795] Make request: "sendMessage" with data: "{'chat_id': 1182452784, 'text': '\U0001f937\u200d У вас нет сохраненных заметок.', 'parse_mode': 'Markdown', 'reply_markup': '{"keyboard": [["Список заметок"], ["Добавить заметку"]], "resize_keyboard": true}'}" and files "None"
DEBUG    [2025-09-13 22:02:55,873] Response for sendMessage: [200] "'{"ok":true,"result":{"message_id":236,"from":{"id":8283224834,"is_bot":true,"first_name":"Note Bot","username":"NNNoteBot"},"chat":{"id":1182452784,"first_name":"vovkaban","username":"vovkaban335","type":"private"},"date":1757790176,"text":"\\ud83e\\udd37\\u200d \\u0423 \\u0432\\u0430\\u0441 \\u043d\\u0435\\u0442 \\u0441\\u043e\\u0445\\u0440\\u0430\\u043d\\u0435\\u043d\\u043d\\u044b\\u0445 \\u0437\\u0430\\u043c\\u0435\\u0442\\u043e\\u043a."}}'"
DEBUG    [2025-09-13 22:02:55,896] Make request: "getUpdates" with data: "{'offset': 513136094, 'timeout': 20}" and files "None"
DEBUG    [2025-09-13 22:02:59,376] Response for getUpdates: [200] "'{"ok":true,"result":[{"update_id":513136094,\n"message":{"message_id":237,"from":{"id":1182452784,"is_bot":false,"first_name":"vovkaban","username":"vovkaban335","language_code":"ru"},"chat":{"id":1182452784,"first_name":"vovkaban","username":"vovkaban335","type":"private"},"date":1757790179,"text":"\\u0414\\u043e\\u0431\\u0430\\u0432\\u0438\\u0442\\u044c \\u0437\\u0430\\u043c\\u0435\\u0442\\u043a\\u0443"}}]}'"
DEBUG    [2025-09-13 22:02:59,376] Received 1 updates.
DEBUG    [2025-09-13 22:02:59,377] Make request: "sendMessage" with data: "{'chat_id': 1182452784, 'text': '\U0001f5d3 Введите время в формате *ГГГГ-ММ-ДД ЧЧ:ММ*:', 'parse_mode': 'Markdown', 'reply_markup': '{"keyboard": [["Отмена"]], "resize_keyboard": true}'}" and files "None"
DEBUG    [2025-09-13 22:02:59,478] Response for sendMessage: [200] "'{"ok":true,"result":{"message_id":238,"from":{"id":8283224834,"is_bot":true,"first_name":"Note Bot","username":"NNNoteBot"},"chat":{"id":1182452784,"first_name":"vovkaban","username":"vovkaban335","type":"private"},"date":1757790179,"text":"\\ud83d\\uddd3 \\u0412\\u0432\\u0435\\u0434\\u0438\\u0442\\u0435 \\u0432\\u0440\\u0435\\u043c\\u044f \\u0432 \\u0444\\u043e\\u0440\\u043c\\u0430\\u0442\\u0435 \\u0413\\u0413\\u0413\\u0413-\\u041c\\u041c-\\u0414\\u0414 \\u0427\\u0427:\\u041c\\u041c:","entities":[{"offset":27,"length":16,"type":"bold"}]}}'"
DEBUG    [2025-09-13 22:02:59,479] Make request: "getUpdates" with data: "{'offset': 513136095, 'timeout': 20}" and files "None"
DEBUG    [2025-09-13 22:03:19,528] Response for getUpdates: [200] "'{"ok":true,"result":[]}'"
DEBUG    [2025-09-13 22:03:19,630] Make request: "getUpdates" with data: "{'offset': 513136095, 'timeout': 20}" and files "None"
DEBUG    [2025-09-13 22:03:37,346] Response for getUpdates: [200] "'{"ok":true,"result":[{"update_id":513136095,\n"message":{"message_id":239,"from":{"id":1182452784,"is_bot":false,"first_name":"vovkaban","username":"vovkaban335","language_code":"ru"},"chat":{"id":1182452784,"first_name":"vovkaban","username":"vovkaban335","type":"private"},"date":1757790217,"text":"2026-03-03 13:29"}}]}'"
DEBUG    [2025-09-13 22:03:37,346] Received 1 updates.
DEBUG    [2025-09-13 22:03:37,346] Make request: "sendMessage" with data: "{'chat_id': 1182452784, 'text': '\U0001f4ac Введите текст заметки:'}" and files "None"
DEBUG    [2025-09-13 22:03:37,426] Response for sendMessage: [200] "'{"ok":true,"result":{"message_id":240,"from":{"id":8283224834,"is_bot":true,"first_name":"Note Bot","username":"NNNoteBot"},"chat":{"id":1182452784,"first_name":"vovkaban","username":"vovkaban335","type":"private"},"date":1757790217,"text":"\\ud83d\\udcac \\u0412\\u0432\\u0435\\u0434\\u0438\\u0442\\u0435 \\u0442\\u0435\\u043a\\u0441\\u0442 \\u0437\\u0430\\u043c\\u0435\\u0442\\u043a\\u0438:"}}'"
DEBUG    [2025-09-13 22:03:37,455] Make request: "getUpdates" with data: "{'offset': 513136096, 'timeout': 20}" and files "None"
DEBUG    [2025-09-13 22:03:41,543] Response for getUpdates: [200] "'{"ok":true,"result":[{"update_id":513136096,\n"message":{"message_id":241,"from":{"id":1182452784,"is_bot":false,"first_name":"vovkaban","username":"vovkaban335","language_code":"ru"},"chat":{"id":1182452784,"first_name":"vovkaban","username":"vovkaban335","type":"private"},"date":1757790221,"text":"abeme"}}]}'"
DEBUG    [2025-09-13 22:03:41,543] Received 1 updates.
DEBUG    [2025-09-13 22:03:41,550] Make request: "sendMessage" with data: "{'chat_id': 1182452784, 'text': '\u2705 *Заметка сохранена:* abeme\n*Дата и время:* 2026-03-03 13:29', 'parse_mode': 'Markdown', 'reply_markup': '{"keyboard": [["Список заметок"], ["Добавить заметку"]], "resize_keyboard": true}'}" and files "None"
DEBUG    [2025-09-13 22:03:41,619] Response for sendMessage: [200] "'{"ok":true,"result":{"message_id":242,"from":{"id":8283224834,"is_bot":true,"first_name":"Note Bot","username":"NNNoteBot"},"chat":{"id":1182452784,"first_name":"vovkaban","username":"vovkaban335","type":"private"},"date":1757790221,"text":"\\u2705 \\u0417\\u0430\\u043c\\u0435\\u0442\\u043a\\u0430 \\u0441\\u043e\\u0445\\u0440\\u0430\\u043d\\u0435\\u043d\\u0430: abeme\\n\\u0414\\u0430\\u0442\\u0430 \\u0438 \\u0432\\u0440\\u0435\\u043c\\u044f: 2026-03-03 13:29","entities":[{"offset":2,"length":18,"type":"bold"},{"offset":27,"length":13,"type":"bold"}]}}'"
DEBUG    [2025-09-13 22:03:41,657] Make request: "getUpdates" with data: "{'offset': 513136097, 'timeout': 20}" and files "None"
DEBUG    [2025-09-13 22:04:01,726] Response for getUpdates: [200] "'{"ok":true,"result":[]}'"
DEBUG    [2025-09-13 22:04:01,834] Make request: "getUpdates" with data: "{'offset': 513136097, 'timeout': 20}" and files "None"
DEBUG    [2025-09-13 22:04:21,881] Response for getUpdates: [200] "'{"ok":true,"result":[]}'"
DEBUG    [2025-09-13 22:04:21,986] Make request: "getUpdates" with data: "{'offset': 513136097, 'timeout': 20}" and files "None"
DEBUG    [2025-09-13 22:04:42,038] Response for getUpdates: [200] "'{"ok":true,"result":[]}'"
DEBUG    [2025-09-13 22:04:42,141] Make request: "getUpdates" with data: "{'offset': 513136097, 'timeout': 20}" and files "None"
DEBUG    [2025-09-13 22:05:02,191] Response for getUpdates: [200] "'{"ok":true,"result":[]}'"
DEBUG    [2025-09-13 22:05:02,305] Make request: "getUpdates" with data: "{'offset': 513136097, 'timeout': 20}" and files "None"
DEBUG    [2025-09-13 22:05:22,351] Response for getUpdates: [200] "'{"ok":true,"result":[]}'"
DEBUG    [2025-09-13 22:05:22,464] Make request: "getUpdates" with data: "{'offset': 513136097, 'timeout': 20}" and files "None"
DEBUG    [2025-09-13 22:05:42,528] Response for getUpdates: [200] "'{"ok":true,"result":[]}'"
DEBUG    [2025-09-13 22:05:42,637] Make request: "getUpdates" with data: "{'offset': 513136097, 'timeout': 20}" and files "None"
DEBUG    [2025-09-13 22:06:02,693] Response for getUpdates: [200] "'{"ok":true,"result":[]}'"
DEBUG    [2025-09-13 22:06:02,800] Make request: "getUpdates" with data: "{'offset': 513136097, 'timeout': 20}" and files "None"
INFO     [2025-09-13 22:06:14,221] Stop polling...
WARNING  [2025-09-13 22:06:14,221] Goodbye!
INFO     [2025-09-13 22:06:14,222] Bot: Note Bot [@NNNoteBot]
DEBUG    [2025-09-13 22:06:14,222] Make request: "getWebhookInfo" with data: "{}" and files "None"
DEBUG    [2025-09-13 22:06:14,382] Response for getWebhookInfo: [200] "'{"ok":true,"result":{"url":"","has_custom_certificate":false,"pending_update_count":0,"allowed_updates":["message"]}}'"
DEBUG    [2025-09-13 22:06:14,382] Make request: "deleteWebhook" with data: "{'drop_pending_updates': True}" and files "None"
DEBUG    [2025-09-13 22:06:14,433] Response for deleteWebhook: [200] "'{"ok":true,"result":true,"description":"Webhook is already deleted"}'"
WARNING  [2025-09-13 22:06:14,433] Updates were skipped successfully.
INFO     [2025-09-13 22:06:14,433] Start polling.
DEBUG    [2025-09-13 22:06:14,433] Make request: "getWebhookInfo" with data: "{}" and files "None"
DEBUG    [2025-09-13 22:06:14,483] Response for getWebhookInfo: [200] "'{"ok":true,"result":{"url":"","has_custom_certificate":false,"pending_update_count":0,"allowed_updates":["message"]}}'"
DEBUG    [2025-09-13 22:06:14,484] Make request: "getUpdates" with data: "{'timeout': 20}" and files "None"
ERROR    [2025-09-13 22:06:14,534] Cause exception while getting updates.
Traceback (most recent call last):
  File "C:\Users\georg\PycharmProjects\NoteBot\.venv\lib\site-packages\aiogram\bot\api.py", line 139, in make_request
    async with session.post(url, data=req, **kwargs) as response:
  File "C:\Users\georg\PycharmProjects\NoteBot\.venv\lib\site-packages\aiohttp\client.py", line 1167, in __aenter__
    self._resp = await self._coro
  File "C:\Users\georg\PycharmProjects\NoteBot\.venv\lib\site-packages\aiohttp\client.py", line 586, in _request
    await resp.start(conn)
  File "C:\Users\georg\PycharmProjects\NoteBot\.venv\lib\site-packages\aiohttp\client_reqrep.py", line 905, in start
    message, payload = await protocol.read()  # type: ignore[union-attr]
  File "C:\Users\georg\PycharmProjects\NoteBot\.venv\lib\site-packages\aiohttp\streams.py", line 616, in read
    await self._waiter
aiohttp.client_exceptions.ClientOSError: [Errno 1] [SSL: APPLICATION_DATA_AFTER_CLOSE_NOTIFY] application data after close notify (_ssl.c:2702)

During handling of the above exception, another exception occurred:

Traceback (most recent call last):
  File "C:\Users\georg\PycharmProjects\NoteBot\.venv\lib\site-packages\aiogram\dispatcher\dispatcher.py", line 382, in start_polling
    updates = await self.bot.get_updates(
  File "C:\Users\georg\PycharmProjects\NoteBot\.venv\lib\site-packages\aiogram\bot\bot.py", line 110, in get_updates
    result = await self.request(api.Methods.GET_UPDATES, payload)
  File "C:\Users\georg\PycharmProjects\NoteBot\.venv\lib\site-packages\aiogram\bot\base.py", line 236, in request
    return await api.make_request(await self.get_session(), self.server, self.__token, method, data, files,
  File "C:\Users\georg\PycharmProjects\NoteBot\.venv\lib\site-packages\aiogram\bot\api.py", line 142, in make_request
    raise exceptions.NetworkError(f"aiohttp client throws an error: {e.__class__.__name__}: {e}")
aiogram.utils.exceptions.NetworkError: Aiohttp client throws an error: ClientOSError: [Errno 1] [SSL: APPLICATION_DATA_AFTER_CLOSE_NOTIFY] application data after close notify (_ssl.c:2702)
DEBUG    [2025-09-13 22:07:13,901] Using proactor: IocpProactor
DEBUG    [2025-09-13 22:07:13,903] Make request: "getMe" with data: "{}" and files "None"
DEBUG    [2025-09-13 22:07:14,081] Response for getMe: [200] "'{"ok":true,"result":{"id":8283224834,"is_bot":true,"first_name":"Note Bot","username":"NNNoteBot","can_join_groups":true,"can_read_all_group_messages":false,"supports_inline_queries":false,"can_connect_to_business":false,"has_main_web_app":false}}'"
INFO     [2025-09-13 22:07:14,081] Bot: Note Bot [@NNNoteBot]
DEBUG    [2025-09-13 22:07:14,081] Make request: "getWebhookInfo" with data: "{}" and files "None"
DEBUG    [2025-09-13 22:07:14,140] Response for getWebhookInfo: [200] "'{"ok":true,"result":{"url":"","has_custom_certificate":false,"pending_update_count":0,"allowed_updates":["message"]}}'"
DEBUG    [2025-09-13 22:07:14,141] Make request: "deleteWebhook" with data: "{'drop_pending_updates': True}" and files "None"
DEBUG    [2025-09-13 22:07:14,193] Response for deleteWebhook: [200] "'{"ok":true,"result":true,"description":"Webhook is already deleted"}'"
WARNING  [2025-09-13 22:07:14,193] Updates were skipped successfully.
INFO     [2025-09-13 22:07:14,193] Start polling.
DEBUG    [2025-09-13 22:07:14,193] Make request: "getWebhookInfo" with data: "{}" and files "None"
DEBUG    [2025-09-13 22:07:14,253] Response for getWebhookInfo: [200] "'{"ok":true,"result":{"url":"","has_custom_certificate":false,"pending_update_count":0,"allowed_updates":["message"]}}'"
DEBUG    [2025-09-13 22:07:14,253] Make request: "getUpdates" with data: "{'timeout': 20}" and files "None"
DEBUG    [2025-09-13 22:07:17,001] Response for getUpdates: [200] "'{"ok":true,"result":[{"update_id":513136097,\n"message":{"message_id":243,"from":{"id":6570278434,"is_bot":false,"first_name":"\\u0413\\u0435\\u043e\\u0440\\u0433\\u0438\\u0439","username":"gggeorgigg","language_code":"ru"},"chat":{"id":6570278434,"first_name":"\\u0413\\u0435\\u043e\\u0440\\u0433\\u0438\\u0439","username":"gggeorgigg","type":"private"},"date":1757790437,"text":"\\u0414\\u043e\\u0431\\u0430\\u0432\\u0438\\u0442\\u044c \\u0437\\u0430\\u043c\\u0435\\u0442\\u043a\\u0443"}}]}'"
DEBUG    [2025-09-13 22:07:17,001] Received 1 updates.
DEBUG    [2025-09-13 22:07:17,002] Make request: "sendMessage" with data: "{'chat_id': 6570278434, 'text': '\U0001f5d3 Введите время в формате *ГГГГ-ММ-ДД ЧЧ:ММ*:', 'parse_mode': 'Markdown', 'reply_markup': '{"keyboard": [["Отмена"]], "resize_keyboard": true}'}" and files "None"
DEBUG    [2025-09-13 22:07:17,109] Response for sendMessage: [200] "'{"ok":true,"result":{"message_id":244,"from":{"id":8283224834,"is_bot":true,"first_name":"Note Bot","username":"NNNoteBot"},"chat":{"id":6570278434,"first_name":"\\u0413\\u0435\\u043e\\u0440\\u0433\\u0438\\u0439","username":"gggeorgigg","type":"private"},"date":1757790437,"text":"\\ud83d\\uddd3 \\u0412\\u0432\\u0435\\u0434\\u0438\\u0442\\u0435 \\u0432\\u0440\\u0435\\u043c\\u044f \\u0432 \\u0444\\u043e\\u0440\\u043c\\u0430\\u0442\\u0435 \\u0413\\u0413\\u0413\\u0413-\\u041c\\u041c-\\u0414\\u0414 \\u0427\\u0427:\\u041c\\u041c:","entities":[{"offset":27,"length":16,"type":"bold"}]}}'"
DEBUG    [2025-09-13 22:07:17,110] Make request: "getUpdates" with data: "{'offset': 513136098, 'timeout': 20}" and files "None"
DEBUG    [2025-09-13 22:07:32,166] Response for getUpdates: [200] "'{"ok":true,"result":[{"update_id":513136098,\n"message":{"message_id":245,"from":{"id":6570278434,"is_bot":false,"first_name":"\\u0413\\u0435\\u043e\\u0440\\u0433\\u0438\\u0439","username":"gggeorgigg","language_code":"ru"},"chat":{"id":6570278434,"first_name":"\\u0413\\u0435\\u043e\\u0440\\u0433\\u0438\\u0439","username":"gggeorgigg","type":"private"},"date":1757790452,"text":"1990-13-33 25:66"}}]}'"
DEBUG    [2025-09-13 22:07:32,166] Received 1 updates.
DEBUG    [2025-09-13 22:07:32,167] Make request: "sendMessage" with data: "{'chat_id': 6570278434, 'text': '\U0001f4ac Введите текст заметки:'}" and files "None"
DEBUG    [2025-09-13 22:07:32,270] Response for sendMessage: [200] "'{"ok":true,"result":{"message_id":246,"from":{"id":8283224834,"is_bot":true,"first_name":"Note Bot","username":"NNNoteBot"},"chat":{"id":6570278434,"first_name":"\\u0413\\u0435\\u043e\\u0440\\u0433\\u0438\\u0439","username":"gggeorgigg","type":"private"},"date":1757790452,"text":"\\ud83d\\udcac \\u0412\\u0432\\u0435\\u0434\\u0438\\u0442\\u0435 \\u0442\\u0435\\u043a\\u0441\\u0442 \\u0437\\u0430\\u043c\\u0435\\u0442\\u043a\\u0438:"}}'"
DEBUG    [2025-09-13 22:07:32,271] Make request: "getUpdates" with data: "{'offset': 513136099, 'timeout': 20}" and files "None"
DEBUG    [2025-09-13 22:07:34,638] Response for getUpdates: [200] "'{"ok":true,"result":[{"update_id":513136099,\n"message":{"message_id":247,"from":{"id":6570278434,"is_bot":false,"first_name":"\\u0413\\u0435\\u043e\\u0440\\u0433\\u0438\\u0439","username":"gggeorgigg","language_code":"ru"},"chat":{"id":6570278434,"first_name":"\\u0413\\u0435\\u043e\\u0440\\u0433\\u0438\\u0439","username":"gggeorgigg","type":"private"},"date":1757790454,"text":"gvorkknbr"}}]}'"
DEBUG    [2025-09-13 22:07:34,638] Received 1 updates.
DEBUG    [2025-09-13 22:07:34,648] Make request: "sendMessage" with data: "{'chat_id': 6570278434, 'text': '\u2705 *Заметка сохранена:* gvorkknbr\n*Дата и время:* 1990-13-33 25:66', 'parse_mode': 'Markdown', 'reply_markup': '{"keyboard": [["Список заметок"], ["Добавить заметку"]], "resize_keyboard": true}'}" and files "None"
DEBUG    [2025-09-13 22:07:34,734] Make request: "getUpdates" with data: "{'offset': 513136100, 'timeout': 20}" and files "None"
DEBUG    [2025-09-13 22:07:34,762] Response for sendMessage: [200] "'{"ok":true,"result":{"message_id":248,"from":{"id":8283224834,"is_bot":true,"first_name":"Note Bot","username":"NNNoteBot"},"chat":{"id":6570278434,"first_name":"\\u0413\\u0435\\u043e\\u0440\\u0433\\u0438\\u0439","username":"gggeorgigg","type":"private"},"date":1757790455,"text":"\\u2705 \\u0417\\u0430\\u043c\\u0435\\u0442\\u043a\\u0430 \\u0441\\u043e\\u0445\\u0440\\u0430\\u043d\\u0435\\u043d\\u0430: gvorkknbr\\n\\u0414\\u0430\\u0442\\u0430 \\u0438 \\u0432\\u0440\\u0435\\u043c\\u044f: 1990-13-33 25:66","entities":[{"offset":2,"length":18,"type":"bold"},{"offset":31,"length":13,"type":"bold"}]}}'"
DEBUG    [2025-09-13 22:07:37,676] Response for getUpdates: [200] "'{"ok":true,"result":[{"update_id":513136100,\n"message":{"message_id":249,"from":{"id":6570278434,"is_bot":false,"first_name":"\\u0413\\u0435\\u043e\\u0440\\u0433\\u0438\\u0439","username":"gggeorgigg","language_code":"ru"},"chat":{"id":6570278434,"first_name":"\\u0413\\u0435\\u043e\\u0440\\u0433\\u0438\\u0439","username":"gggeorgigg","type":"private"},"date":1757790457,"text":"\\u0421\\u043f\\u0438\\u0441\\u043e\\u043a \\u0437\\u0430\\u043c\\u0435\\u0442\\u043e\\u043a"}}]}'"
DEBUG    [2025-09-13 22:07:37,677] Received 1 updates.
DEBUG    [2025-09-13 22:07:37,679] Make request: "sendMessage" with data: "{'chat_id': 6570278434, 'text': '8) *Дата и время:* efgre *Текст:* ergergrt\n10) *Дата и время:* 1990-13-33 25:66 *Текст:* gvorkknbr', 'parse_mode': 'Markdown', 'reply_markup': '{"keyboard": [["Список заметок"], ["Добавить заметку"], ["Удалить заметку"]], "resize_keyboard": true}'}" and files "None"
DEBUG    [2025-09-13 22:07:37,764] Response for sendMessage: [200] "'{"ok":true,"result":{"message_id":250,"from":{"id":8283224834,"is_bot":true,"first_name":"Note Bot","username":"NNNoteBot"},"chat":{"id":6570278434,"first_name":"\\u0413\\u0435\\u043e\\u0440\\u0433\\u0438\\u0439","username":"gggeorgigg","type":"private"},"date":1757790458,"text":"8) \\u0414\\u0430\\u0442\\u0430 \\u0438 \\u0432\\u0440\\u0435\\u043c\\u044f: efgre \\u0422\\u0435\\u043a\\u0441\\u0442: ergergrt\\n10) \\u0414\\u0430\\u0442\\u0430 \\u0438 \\u0432\\u0440\\u0435\\u043c\\u044f: 1990-13-33 25:66 \\u0422\\u0435\\u043a\\u0441\\u0442: gvorkknbr","entities":[{"offset":3,"length":13,"type":"bold"},{"offset":23,"length":6,"type":"bold"},{"offset":43,"length":13,"type":"bold"},{"offset":74,"length":6,"type":"bold"}]}}'"
DEBUG    [2025-09-13 22:07:37,794] Make request: "getUpdates" with data: "{'offset': 513136101, 'timeout': 20}" and files "None"
DEBUG    [2025-09-13 22:07:41,763] Response for getUpdates: [200] "'{"ok":true,"result":[{"update_id":513136101,\n"message":{"message_id":251,"from":{"id":6570278434,"is_bot":false,"first_name":"\\u0413\\u0435\\u043e\\u0440\\u0433\\u0438\\u0439","username":"gggeorgigg","language_code":"ru"},"chat":{"id":6570278434,"first_name":"\\u0413\\u0435\\u043e\\u0440\\u0433\\u0438\\u0439","username":"gggeorgigg","type":"private"},"date":1757790462,"text":"\\u0414\\u043e\\u0431\\u0430\\u0432\\u0438\\u0442\\u044c \\u0437\\u0430\\u043c\\u0435\\u0442\\u043a\\u0443"}}]}'"
DEBUG    [2025-09-13 22:07:41,763] Received 1 updates.
DEBUG    [2025-09-13 22:07:41,765] Make request: "sendMessage" with data: "{'chat_id': 6570278434, 'text': '\U0001f5d3 Введите время в формате *ГГГГ-ММ-ДД ЧЧ:ММ*:', 'parse_mode': 'Markdown', 'reply_markup': '{"keyboard": [["Отмена"]], "resize_keyboard": true}'}" and files "None"
DEBUG    [2025-09-13 22:07:41,856] Response for sendMessage: [200] "'{"ok":true,"result":{"message_id":252,"from":{"id":8283224834,"is_bot":true,"first_name":"Note Bot","username":"NNNoteBot"},"chat":{"id":6570278434,"first_name":"\\u0413\\u0435\\u043e\\u0440\\u0433\\u0438\\u0439","username":"gggeorgigg","type":"private"},"date":1757790462,"text":"\\ud83d\\uddd3 \\u0412\\u0432\\u0435\\u0434\\u0438\\u0442\\u0435 \\u0432\\u0440\\u0435\\u043c\\u044f \\u0432 \\u0444\\u043e\\u0440\\u043c\\u0430\\u0442\\u0435 \\u0413\\u0413\\u0413\\u0413-\\u041c\\u041c-\\u0414\\u0414 \\u0427\\u0427:\\u041c\\u041c:","entities":[{"offset":27,"length":16,"type":"bold"}]}}'"
DEBUG    [2025-09-13 22:07:41,858] Make request: "getUpdates" with data: "{'offset': 513136102, 'timeout': 20}" and files "None"
DEBUG    [2025-09-13 22:07:43,150] Response for getUpdates: [200] "'{"ok":true,"result":[{"update_id":513136102,\n"message":{"message_id":253,"from":{"id":6570278434,"is_bot":false,"first_name":"\\u0413\\u0435\\u043e\\u0440\\u0433\\u0438\\u0439","username":"gggeorgigg","language_code":"ru"},"chat":{"id":6570278434,"first_name":"\\u0413\\u0435\\u043e\\u0440\\u0433\\u0438\\u0439","username":"gggeorgigg","type":"private"},"date":1757790463,"text":"rbtrgbr"}}]}'"
DEBUG    [2025-09-13 22:07:43,150] Received 1 updates.
DEBUG    [2025-09-13 22:07:43,151] Make request: "sendMessage" with data: "{'chat_id': 6570278434, 'text': '\u274c Некорректный формат даты и времени. Пожалуйста, используйте формат *ГГГГ-ММ-ДД ЧЧ:ММ*', 'parse_mode': 'Markdown'}" and files "None"
DEBUG    [2025-09-13 22:07:43,224] Response for sendMessage: [200] "'{"ok":true,"result":{"message_id":254,"from":{"id":8283224834,"is_bot":true,"first_name":"Note Bot","username":"NNNoteBot"},"chat":{"id":6570278434,"first_name":"\\u0413\\u0435\\u043e\\u0440\\u0433\\u0438\\u0439","username":"gggeorgigg","type":"private"},"date":1757790463,"text":"\\u274c \\u041d\\u0435\\u043a\\u043e\\u0440\\u0440\\u0435\\u043a\\u0442\\u043d\\u044b\\u0439 \\u0444\\u043e\\u0440\\u043c\\u0430\\u0442 \\u0434\\u0430\\u0442\\u044b \\u0438 \\u0432\\u0440\\u0435\\u043c\\u0435\\u043d\\u0438. \\u041f\\u043e\\u0436\\u0430\\u043b\\u0443\\u0439\\u0441\\u0442\\u0430, \\u0438\\u0441\\u043f\\u043e\\u043b\\u044c\\u0437\\u0443\\u0439\\u0442\\u0435 \\u0444\\u043e\\u0440\\u043c\\u0430\\u0442 \\u0413\\u0413\\u0413\\u0413-\\u041c\\u041c-\\u0414\\u0414 \\u0427\\u0427:\\u041c\\u041c","entities":[{"offset":69,"length":16,"type":"bold"}]}}'"
DEBUG    [2025-09-13 22:07:43,257] Make request: "getUpdates" with data: "{'offset': 513136103, 'timeout': 20}" and files "None"
INFO     [2025-09-13 22:07:50,181] Stop polling...
WARNING  [2025-09-13 22:07:50,182] Goodbye!
INFO     [2025-09-13 22:07:50,182] Bot: Note Bot [@NNNoteBot]
DEBUG    [2025-09-13 22:07:50,183] Make request: "getWebhookInfo" with data: "{}" and files "None"
DEBUG    [2025-09-13 22:07:50,341] Response for getWebhookInfo: [200] "'{"ok":true,"result":{"url":"","has_custom_certificate":false,"pending_update_count":0,"allowed_updates":["message"]}}'"
DEBUG    [2025-09-13 22:07:50,341] Make request: "deleteWebhook" with data: "{'drop_pending_updates': True}" and files "None"
DEBUG    [2025-09-13 22:07:50,394] Response for deleteWebhook: [200] "'{"ok":true,"result":true,"description":"Webhook is already deleted"}'"
WARNING  [2025-09-13 22:07:50,394] Updates were skipped successfully.
INFO     [2025-09-13 22:07:50,395] Start polling.
DEBUG    [2025-09-13 22:07:50,395] Make request: "getWebhookInfo" with data: "{}" and files "None"
DEBUG    [2025-09-13 22:07:50,442] Response for getWebhookInfo: [200] "'{"ok":true,"result":{"url":"","has_custom_certificate":false,"pending_update_count":0,"allowed_updates":["message"]}}'"
DEBUG    [2025-09-13 22:07:50,442] Make request: "getUpdates" with data: "{'timeout': 20}" and files "None"
ERROR    [2025-09-13 22:07:50,499] Cause exception while getting updates.
Traceback (most recent call last):
  File "C:\Users\georg\PycharmProjects\NoteBot\.venv\lib\site-packages\aiogram\bot\api.py", line 139, in make_request
    async with session.post(url, data=req, **kwargs) as response:
  File "C:\Users\georg\PycharmProjects\NoteBot\.venv\lib\site-packages\aiohttp\client.py", line 1167, in __aenter__
    self._resp = await self._coro
  File "C:\Users\georg\PycharmProjects\NoteBot\.venv\lib\site-packages\aiohttp\client.py", line 586, in _request
    await resp.start(conn)
  File "C:\Users\georg\PycharmProjects\NoteBot\.venv\lib\site-packages\aiohttp\client_reqrep.py", line 905, in start
    message, payload = await protocol.read()  # type: ignore[union-attr]
  File "C:\Users\georg\PycharmProjects\NoteBot\.venv\lib\site-packages\aiohttp\streams.py", line 616, in read
    await self._waiter
aiohttp.client_exceptions.ClientOSError: [Errno 1] [SSL: APPLICATION_DATA_AFTER_CLOSE_NOTIFY] application data after close notify (_ssl.c:2702)

During handling of the above exception, another exception occurred:

Traceback (most recent call last):
  File "C:\Users\georg\PycharmProjects\NoteBot\.venv\lib\site-packages\aiogram\dispatcher\dispatcher.py", line 382, in start_polling
    updates = await self.bot.get_updates(
  File "C:\Users\georg\PycharmProjects\NoteBot\.venv\lib\site-packages\aiogram\bot\bot.py", line 110, in get_updates
    result = await self.request(api.Methods.GET_UPDATES, payload)
  File "C:\Users\georg\PycharmProjects\NoteBot\.venv\lib\site-packages\aiogram\bot\base.py", line 236, in request
    return await api.make_request(await self.get_session(), self.server, self.__token, method, data, files,
  File "C:\Users\georg\PycharmProjects\NoteBot\.venv\lib\site-packages\aiogram\bot\api.py", line 142, in make_request
    raise exceptions.NetworkError(f"aiohttp client throws an error: {e.__class__.__name__}: {e}")
aiogram.utils.exceptions.NetworkError: Aiohttp client throws an error: ClientOSError: [Errno 1] [SSL: APPLICATION_DATA_AFTER_CLOSE_NOTIFY] application data after close notify (_ssl.c:2702)
DEBUG    [2025-09-13 22:09:47,172] Using proactor: IocpProactor
DEBUG    [2025-09-13 22:09:47,174] Make request: "getMe" with data: "{}" and files "None"
DEBUG    [2025-09-13 22:09:47,329] Response for getMe: [200] "'{"ok":true,"result":{"id":8283224834,"is_bot":true,"first_name":"Note Bot","username":"NNNoteBot","can_join_groups":true,"can_read_all_group_messages":false,"supports_inline_queries":false,"can_connect_to_business":false,"has_main_web_app":false}}'"
INFO     [2025-09-13 22:09:47,329] Bot: Note Bot [@NNNoteBot]
DEBUG    [2025-09-13 22:09:47,330] Make request: "getWebhookInfo" with data: "{}" and files "None"
DEBUG    [2025-09-13 22:09:47,374] Response for getWebhookInfo: [200] "'{"ok":true,"result":{"url":"","has_custom_certificate":false,"pending_update_count":0,"allowed_updates":["message"]}}'"
DEBUG    [2025-09-13 22:09:47,374] Make request: "deleteWebhook" with data: "{'drop_pending_updates': True}" and files "None"
DEBUG    [2025-09-13 22:09:47,423] Response for deleteWebhook: [200] "'{"ok":true,"result":true,"description":"Webhook is already deleted"}'"
WARNING  [2025-09-13 22:09:47,423] Updates were skipped successfully.
INFO     [2025-09-13 22:09:47,423] Start polling.
DEBUG    [2025-09-13 22:09:47,423] Make request: "getWebhookInfo" with data: "{}" and files "None"
DEBUG    [2025-09-13 22:09:47,467] Response for getWebhookInfo: [200] "'{"ok":true,"result":{"url":"","has_custom_certificate":false,"pending_update_count":0,"allowed_updates":["message"]}}'"
DEBUG    [2025-09-13 22:09:47,468] Make request: "getUpdates" with data: "{'timeout': 20}" and files "None"
DEBUG    [2025-09-13 22:09:52,629] Response for getUpdates: [200] "'{"ok":true,"result":[{"update_id":513136103,\n"message":{"message_id":255,"from":{"id":6570278434,"is_bot":false,"first_name":"\\u0413\\u0435\\u043e\\u0440\\u0433\\u0438\\u0439","username":"gggeorgigg","language_code":"ru"},"chat":{"id":6570278434,"first_name":"\\u0413\\u0435\\u043e\\u0440\\u0433\\u0438\\u0439","username":"gggeorgigg","type":"private"},"date":1757790592,"text":"/start","entities":[{"offset":0,"length":6,"type":"bot_command"}]}}]}'"
DEBUG    [2025-09-13 22:09:52,630] Received 1 updates.
DEBUG    [2025-09-13 22:09:52,630] Make request: "sendMessage" with data: "{'chat_id': 6570278434, 'text': 'Выберите действие:', 'reply_markup': '{"keyboard": [["Список заметок"], ["Добавить заметку"]], "resize_keyboard": true}'}" and files "None"
DEBUG    [2025-09-13 22:09:52,699] Response for sendMessage: [200] "'{"ok":true,"result":{"message_id":256,"from":{"id":8283224834,"is_bot":true,"first_name":"Note Bot","username":"NNNoteBot"},"chat":{"id":6570278434,"first_name":"\\u0413\\u0435\\u043e\\u0440\\u0433\\u0438\\u0439","username":"gggeorgigg","type":"private"},"date":1757790592,"text":"\\u0412\\u044b\\u0431\\u0435\\u0440\\u0438\\u0442\\u0435 \\u0434\\u0435\\u0439\\u0441\\u0442\\u0432\\u0438\\u0435:"}}'"
DEBUG    [2025-09-13 22:09:52,746] Make request: "getUpdates" with data: "{'offset': 513136104, 'timeout': 20}" and files "None"
DEBUG    [2025-09-13 22:09:54,162] Response for getUpdates: [200] "'{"ok":true,"result":[{"update_id":513136104,\n"message":{"message_id":257,"from":{"id":6570278434,"is_bot":false,"first_name":"\\u0413\\u0435\\u043e\\u0440\\u0433\\u0438\\u0439","username":"gggeorgigg","language_code":"ru"},"chat":{"id":6570278434,"first_name":"\\u0413\\u0435\\u043e\\u0440\\u0433\\u0438\\u0439","username":"gggeorgigg","type":"private"},"date":1757790594,"text":"\\u0414\\u043e\\u0431\\u0430\\u0432\\u0438\\u0442\\u044c \\u0437\\u0430\\u043c\\u0435\\u0442\\u043a\\u0443"}}]}'"
DEBUG    [2025-09-13 22:09:54,162] Received 1 updates.
DEBUG    [2025-09-13 22:09:54,163] Make request: "sendMessage" with data: "{'chat_id': 6570278434, 'text': '\U0001f5d3 Введите время в формате *ГГГГ-ММ-ДД ЧЧ:ММ*:', 'parse_mode': 'Markdown', 'reply_markup': '{"keyboard": [["Отмена"]], "resize_keyboard": true}'}" and files "None"
DEBUG    [2025-09-13 22:09:54,235] Response for sendMessage: [200] "'{"ok":true,"result":{"message_id":258,"from":{"id":8283224834,"is_bot":true,"first_name":"Note Bot","username":"NNNoteBot"},"chat":{"id":6570278434,"first_name":"\\u0413\\u0435\\u043e\\u0440\\u0433\\u0438\\u0439","username":"gggeorgigg","type":"private"},"date":1757790594,"text":"\\ud83d\\uddd3 \\u0412\\u0432\\u0435\\u0434\\u0438\\u0442\\u0435 \\u0432\\u0440\\u0435\\u043c\\u044f \\u0432 \\u0444\\u043e\\u0440\\u043c\\u0430\\u0442\\u0435 \\u0413\\u0413\\u0413\\u0413-\\u041c\\u041c-\\u0414\\u0414 \\u0427\\u0427:\\u041c\\u041c:","entities":[{"offset":27,"length":16,"type":"bold"}]}}'"
DEBUG    [2025-09-13 22:09:54,279] Make request: "getUpdates" with data: "{'offset': 513136105, 'timeout': 20}" and files "None"
DEBUG    [2025-09-13 22:10:10,811] Response for getUpdates: [200] "'{"ok":true,"result":[{"update_id":513136105,\n"message":{"message_id":259,"from":{"id":6570278434,"is_bot":false,"first_name":"\\u0413\\u0435\\u043e\\u0440\\u0433\\u0438\\u0439","username":"gggeorgigg","language_code":"ru"},"chat":{"id":6570278434,"first_name":"\\u0413\\u0435\\u043e\\u0440\\u0433\\u0438\\u0439","username":"gggeorgigg","type":"private"},"date":1757790611,"text":"2025-09-13 22:11"}}]}'"
DEBUG    [2025-09-13 22:10:10,811] Received 1 updates.
DEBUG    [2025-09-13 22:10:10,813] Make request: "sendMessage" with data: "{'chat_id': 6570278434, 'text': '\U0001f4ac Введите текст заметки:'}" and files "None"
DEBUG    [2025-09-13 22:10:10,894] Response for sendMessage: [200] "'{"ok":true,"result":{"message_id":260,"from":{"id":8283224834,"is_bot":true,"first_name":"Note Bot","username":"NNNoteBot"},"chat":{"id":6570278434,"first_name":"\\u0413\\u0435\\u043e\\u0440\\u0433\\u0438\\u0439","username":"gggeorgigg","type":"private"},"date":1757790611,"text":"\\ud83d\\udcac \\u0412\\u0432\\u0435\\u0434\\u0438\\u0442\\u0435 \\u0442\\u0435\\u043a\\u0441\\u0442 \\u0437\\u0430\\u043c\\u0435\\u0442\\u043a\\u0438:"}}'"
DEBUG    [2025-09-13 22:10:10,895] Make request: "getUpdates" with data: "{'offset': 513136106, 'timeout': 20}" and files "None"
DEBUG    [2025-09-13 22:10:11,565] Response for getUpdates: [200] "'{"ok":true,"result":[{"update_id":513136106,\n"message":{"message_id":261,"from":{"id":6570278434,"is_bot":false,"first_name":"\\u0413\\u0435\\u043e\\u0440\\u0433\\u0438\\u0439","username":"gggeorgigg","language_code":"ru"},"chat":{"id":6570278434,"first_name":"\\u0413\\u0435\\u043e\\u0440\\u0433\\u0438\\u0439","username":"gggeorgigg","type":"private"},"date":1757790611,"text":"erf"}}]}'"
DEBUG    [2025-09-13 22:10:11,566] Received 1 updates.
DEBUG    [2025-09-13 22:10:11,575] Make request: "sendMessage" with data: "{'chat_id': 6570278434, 'text': '\u2705 *Заметка сохранена:* erf\n*Дата и время:* 2025-09-13 22:11', 'parse_mode': 'Markdown', 'reply_markup': '{"keyboard": [["Список заметок"], ["Добавить заметку"]], "resize_keyboard": true}'}" and files "None"
DEBUG    [2025-09-13 22:10:11,647] Response for sendMessage: [200] "'{"ok":true,"result":{"message_id":262,"from":{"id":8283224834,"is_bot":true,"first_name":"Note Bot","username":"NNNoteBot"},"chat":{"id":6570278434,"first_name":"\\u0413\\u0435\\u043e\\u0440\\u0433\\u0438\\u0439","username":"gggeorgigg","type":"private"},"date":1757790611,"text":"\\u2705 \\u0417\\u0430\\u043c\\u0435\\u0442\\u043a\\u0430 \\u0441\\u043e\\u0445\\u0440\\u0430\\u043d\\u0435\\u043d\\u0430: erf\\n\\u0414\\u0430\\u0442\\u0430 \\u0438 \\u0432\\u0440\\u0435\\u043c\\u044f: 2025-09-13 22:11","entities":[{"offset":2,"length":18,"type":"bold"},{"offset":25,"length":13,"type":"bold"}]}}'"
DEBUG    [2025-09-13 22:10:11,674] Make request: "getUpdates" with data: "{'offset': 513136107, 'timeout': 20}" and files "None"
DEBUG    [2025-09-13 22:10:14,588] Response for getUpdates: [200] "'{"ok":true,"result":[{"update_id":513136107,\n"message":{"message_id":263,"from":{"id":6570278434,"is_bot":false,"first_name":"\\u0413\\u0435\\u043e\\u0440\\u0433\\u0438\\u0439","username":"gggeorgigg","language_code":"ru"},"chat":{"id":6570278434,"first_name":"\\u0413\\u0435\\u043e\\u0440\\u0433\\u0438\\u0439","username":"gggeorgigg","type":"private"},"date":1757790614,"text":"\\u0421\\u043f\\u0438\\u0441\\u043e\\u043a \\u0437\\u0430\\u043c\\u0435\\u0442\\u043e\\u043a"}}]}'"
DEBUG    [2025-09-13 22:10:14,589] Received 1 updates.
DEBUG    [2025-09-13 22:10:14,592] Make request: "sendMessage" with data: "{'chat_id': 6570278434, 'text': '8) *Дата и время:* efgre *Текст:* ergergrt\n10) *Дата и время:* 1990-13-33 25:66 *Текст:* gvorkknbr\n11) *Дата и время:* 2025-09-13 22:11 *Текст:* erf', 'parse_mode': 'Markdown', 'reply_markup': '{"keyboard": [["Список заметок"], ["Добавить заметку"], ["Удалить заметку"]], "resize_keyboard": true}'}" and files "None"
DEBUG    [2025-09-13 22:10:14,708] Make request: "getUpdates" with data: "{'offset': 513136108, 'timeout': 20}" and files "None"
DEBUG    [2025-09-13 22:10:14,830] Response for sendMessage: [200] "'{"ok":true,"result":{"message_id":264,"from":{"id":8283224834,"is_bot":true,"first_name":"Note Bot","username":"NNNoteBot"},"chat":{"id":6570278434,"first_name":"\\u0413\\u0435\\u043e\\u0440\\u0433\\u0438\\u0439","username":"gggeorgigg","type":"private"},"date":1757790614,"text":"8) \\u0414\\u0430\\u0442\\u0430 \\u0438 \\u0432\\u0440\\u0435\\u043c\\u044f: efgre \\u0422\\u0435\\u043a\\u0441\\u0442: ergergrt\\n10) \\u0414\\u0430\\u0442\\u0430 \\u0438 \\u0432\\u0440\\u0435\\u043c\\u044f: 1990-13-33 25:66 \\u0422\\u0435\\u043a\\u0441\\u0442: gvorkknbr\\n11) \\u0414\\u0430\\u0442\\u0430 \\u0438 \\u0432\\u0440\\u0435\\u043c\\u044f: 2025-09-13 22:11 \\u0422\\u0435\\u043a\\u0441\\u0442: erf","entities":[{"offset":3,"length":13,"type":"bold"},{"offset":23,"length":6,"type":"bold"},{"offset":43,"length":13,"type":"bold"},{"offset":74,"length":6,"type":"bold"},{"offset":95,"length":13,"type":"bold"},{"offset":126,"length":6,"type":"bold"}]}}'"
DEBUG    [2025-09-13 22:10:34,875] Response for getUpdates: [200] "'{"ok":true,"result":[]}'"
DEBUG    [2025-09-13 22:10:34,989] Make request: "getUpdates" with data: "{'offset': 513136108, 'timeout': 20}" and files "None"
DEBUG    [2025-09-13 22:10:55,046] Response for getUpdates: [200] "'{"ok":true,"result":[]}'"
DEBUG    [2025-09-13 22:10:55,157] Make request: "getUpdates" with data: "{'offset': 513136108, 'timeout': 20}" and files "None"
DEBUG    [2025-09-13 22:11:15,210] Response for getUpdates: [200] "'{"ok":true,"result":[]}'"
DEBUG    [2025-09-13 22:11:15,320] Make request: "getUpdates" with data: "{'offset': 513136108, 'timeout': 20}" and files "None"
DEBUG    [2025-09-13 22:11:35,373] Response for getUpdates: [200] "'{"ok":true,"result":[]}'"
DEBUG    [2025-09-13 22:11:35,482] Make request: "getUpdates" with data: "{'offset': 513136108, 'timeout': 20}" and files "None"
DEBUG    [2025-09-13 22:11:55,539] Response for getUpdates: [200] "'{"ok":true,"result":[]}'"
DEBUG    [2025-09-13 22:11:55,643] Make request: "getUpdates" with data: "{'offset': 513136108, 'timeout': 20}" and files "None"
DEBUG    [2025-09-13 22:12:15,701] Response for getUpdates: [200] "'{"ok":true,"result":[]}'"
DEBUG    [2025-09-13 22:12:15,816] Make request: "getUpdates" with data: "{'offset': 513136108, 'timeout': 20}" and files "None"
DEBUG    [2025-09-13 22:12:35,870] Response for getUpdates: [200] "'{"ok":true,"result":[]}'"
DEBUG    [2025-09-13 22:12:35,985] Make request: "getUpdates" with data: "{'offset': 513136108, 'timeout': 20}" and files "None"
DEBUG    [2025-09-13 22:12:56,040] Response for getUpdates: [200] "'{"ok":true,"result":[]}'"
DEBUG    [2025-09-13 22:12:56,151] Make request: "getUpdates" with data: "{'offset': 513136108, 'timeout': 20}" and files "None"
DEBUG    [2025-09-13 22:13:16,207] Response for getUpdates: [200] "'{"ok":true,"result":[]}'"
DEBUG    [2025-09-13 22:13:16,311] Make request: "getUpdates" with data: "{'offset': 513136108, 'timeout': 20}" and files "None"
DEBUG    [2025-09-13 22:13:36,367] Response for getUpdates: [200] "'{"ok":true,"result":[]}'"
DEBUG    [2025-09-13 22:13:36,482] Make request: "getUpdates" with data: "{'offset': 513136108, 'timeout': 20}" and files "None"
DEBUG    [2025-09-13 22:13:56,535] Response for getUpdates: [200] "'{"ok":true,"result":[]}'"
DEBUG    [2025-09-13 22:13:56,640] Make request: "getUpdates" with data: "{'offset': 513136108, 'timeout': 20}" and files "None"
DEBUG    [2025-09-13 22:14:16,693] Response for getUpdates: [200] "'{"ok":true,"result":[]}'"
DEBUG    [2025-09-13 22:14:16,799] Make request: "getUpdates" with data: "{'offset': 513136108, 'timeout': 20}" and files "None"
DEBUG    [2025-09-13 22:14:18,704] Response for getUpdates: [200] "'{"ok":true,"result":[{"update_id":513136108,\n"message":{"message_id":265,"from":{"id":6570278434,"is_bot":false,"first_name":"\\u0413\\u0435\\u043e\\u0440\\u0433\\u0438\\u0439","username":"gggeorgigg","language_code":"ru"},"chat":{"id":6570278434,"first_name":"\\u0413\\u0435\\u043e\\u0440\\u0433\\u0438\\u0439","username":"gggeorgigg","type":"private"},"date":1757790858,"text":"\\u0414\\u043e\\u0431\\u0430\\u0432\\u0438\\u0442\\u044c \\u0437\\u0430\\u043c\\u0435\\u0442\\u043a\\u0443"}}]}'"
DEBUG    [2025-09-13 22:14:18,705] Received 1 updates.
DEBUG    [2025-09-13 22:14:18,705] Make request: "sendMessage" with data: "{'chat_id': 6570278434, 'text': '\U0001f5d3 Введите время в формате *ГГГГ-ММ-ДД ЧЧ:ММ*:', 'parse_mode': 'Markdown', 'reply_markup': '{"keyboard": [["Отмена"]], "resize_keyboard": true}'}" and files "None"
DEBUG    [2025-09-13 22:14:18,801] Response for sendMessage: [200] "'{"ok":true,"result":{"message_id":266,"from":{"id":8283224834,"is_bot":true,"first_name":"Note Bot","username":"NNNoteBot"},"chat":{"id":6570278434,"first_name":"\\u0413\\u0435\\u043e\\u0440\\u0433\\u0438\\u0439","username":"gggeorgigg","type":"private"},"date":1757790859,"text":"\\ud83d\\uddd3 \\u0412\\u0432\\u0435\\u0434\\u0438\\u0442\\u0435 \\u0432\\u0440\\u0435\\u043c\\u044f \\u0432 \\u0444\\u043e\\u0440\\u043c\\u0430\\u0442\\u0435 \\u0413\\u0413\\u0413\\u0413-\\u041c\\u041c-\\u0414\\u0414 \\u0427\\u0427:\\u041c\\u041c:","entities":[{"offset":27,"length":16,"type":"bold"}]}}'"
DEBUG    [2025-09-13 22:14:18,802] Make request: "getUpdates" with data: "{'offset': 513136109, 'timeout': 20}" and files "None"
DEBUG    [2025-09-13 22:14:27,360] Response for getUpdates: [200] "'{"ok":true,"result":[{"update_id":513136109,\n"message":{"message_id":267,"from":{"id":6570278434,"is_bot":false,"first_name":"\\u0413\\u0435\\u043e\\u0440\\u0433\\u0438\\u0439","username":"gggeorgigg","language_code":"ru"},"chat":{"id":6570278434,"first_name":"\\u0413\\u0435\\u043e\\u0440\\u0433\\u0438\\u0439","username":"gggeorgigg","type":"private"},"date":1757790867,"text":"2025-09-13 22:30"}}]}'"
DEBUG    [2025-09-13 22:14:27,360] Received 1 updates.
DEBUG    [2025-09-13 22:14:27,361] Make request: "sendMessage" with data: "{'chat_id': 6570278434, 'text': '\U0001f4ac Введите текст заметки:'}" and files "None"
DEBUG    [2025-09-13 22:14:27,433] Response for sendMessage: [200] "'{"ok":true,"result":{"message_id":268,"from":{"id":8283224834,"is_bot":true,"first_name":"Note Bot","username":"NNNoteBot"},"chat":{"id":6570278434,"first_name":"\\u0413\\u0435\\u043e\\u0440\\u0433\\u0438\\u0439","username":"gggeorgigg","type":"private"},"date":1757790867,"text":"\\ud83d\\udcac \\u0412\\u0432\\u0435\\u0434\\u0438\\u0442\\u0435 \\u0442\\u0435\\u043a\\u0441\\u0442 \\u0437\\u0430\\u043c\\u0435\\u0442\\u043a\\u0438:"}}'"
DEBUG    [2025-09-13 22:14:27,478] Make request: "getUpdates" with data: "{'offset': 513136110, 'timeout': 20}" and files "None"
DEBUG    [2025-09-13 22:14:42,972] Response for getUpdates: [200] "'{"ok":true,"result":[{"update_id":513136110,\n"message":{"message_id":269,"from":{"id":6570278434,"is_bot":false,"first_name":"\\u0413\\u0435\\u043e\\u0440\\u0433\\u0438\\u0439","username":"gggeorgigg","language_code":"ru"},"chat":{"id":6570278434,"first_name":"\\u0413\\u0435\\u043e\\u0440\\u0433\\u0438\\u0439","username":"gggeorgigg","type":"private"},"date":1757790883,"text":"1"}}]}'"
DEBUG    [2025-09-13 22:14:42,973] Received 1 updates.
DEBUG    [2025-09-13 22:14:42,983] Make request: "sendMessage" with data: "{'chat_id': 6570278434, 'text': '\u2705 *Заметка сохранена:* 1\n*Дата и время:* 2025-09-13 22:30', 'parse_mode': 'Markdown', 'reply_markup': '{"keyboard": [["Список заметок"], ["Добавить заметку"]], "resize_keyboard": true}'}" and files "None"
DEBUG    [2025-09-13 22:14:43,070] Response for sendMessage: [200] "'{"ok":true,"result":{"message_id":270,"from":{"id":8283224834,"is_bot":true,"first_name":"Note Bot","username":"NNNoteBot"},"chat":{"id":6570278434,"first_name":"\\u0413\\u0435\\u043e\\u0440\\u0433\\u0438\\u0439","username":"gggeorgigg","type":"private"},"date":1757790883,"text":"\\u2705 \\u0417\\u0430\\u043c\\u0435\\u0442\\u043a\\u0430 \\u0441\\u043e\\u0445\\u0440\\u0430\\u043d\\u0435\\u043d\\u0430: 1\\n\\u0414\\u0430\\u0442\\u0430 \\u0438 \\u0432\\u0440\\u0435\\u043c\\u044f: 2025-09-13 22:30","entities":[{"offset":2,"length":18,"type":"bold"},{"offset":23,"length":13,"type":"bold"}]}}'"
DEBUG    [2025-09-13 22:14:43,070] Make request: "getUpdates" with data: "{'offset': 513136111, 'timeout': 20}" and files "None"
DEBUG    [2025-09-13 22:14:46,685] Response for getUpdates: [200] "'{"ok":true,"result":[{"update_id":513136111,\n"message":{"message_id":271,"from":{"id":6570278434,"is_bot":false,"first_name":"\\u0413\\u0435\\u043e\\u0440\\u0433\\u0438\\u0439","username":"gggeorgigg","language_code":"ru"},"chat":{"id":6570278434,"first_name":"\\u0413\\u0435\\u043e\\u0440\\u0433\\u0438\\u0439","username":"gggeorgigg","type":"private"},"date":1757790886,"text":"\\u0421\\u043f\\u0438\\u0441\\u043e\\u043a \\u0437\\u0430\\u043c\\u0435\\u0442\\u043e\\u043a"}}]}'"
DEBUG    [2025-09-13 22:14:46,687] Received 1 updates.
DEBUG    [2025-09-13 22:14:46,689] Make request: "sendMessage" with data: "{'chat_id': 6570278434, 'text': '8) *Дата и время:* efgre *Текст:* ergergrt\n10) *Дата и время:* 1990-13-33 25:66 *Текст:* gvorkknbr\n11) *Дата и время:* 2025-09-13 22:11 *Текст:* erf\n12) *Дата и время:* 2025-09-13 22:30 *Текст:* 1', 'parse_mode': 'Markdown', 'reply_markup': '{"keyboard": [["Список заметок"], ["Добавить заметку"], ["Удалить заметку"]], "resize_keyboard": true}'}" and files "None"
DEBUG    [2025-09-13 22:14:46,781] Make request: "getUpdates" with data: "{'offset': 513136112, 'timeout': 20}" and files "None"
DEBUG    [2025-09-13 22:14:46,851] Response for sendMessage: [200] "'{"ok":true,"result":{"message_id":272,"from":{"id":8283224834,"is_bot":true,"first_name":"Note Bot","username":"NNNoteBot"},"chat":{"id":6570278434,"first_name":"\\u0413\\u0435\\u043e\\u0440\\u0433\\u0438\\u0439","username":"gggeorgigg","type":"private"},"date":1757790887,"text":"8) \\u0414\\u0430\\u0442\\u0430 \\u0438 \\u0432\\u0440\\u0435\\u043c\\u044f: efgre \\u0422\\u0435\\u043a\\u0441\\u0442: ergergrt\\n10) \\u0414\\u0430\\u0442\\u0430 \\u0438 \\u0432\\u0440\\u0435\\u043c\\u044f: 1990-13-33 25:66 \\u0422\\u0435\\u043a\\u0441\\u0442: gvorkknbr\\n11) \\u0414\\u0430\\u0442\\u0430 \\u0438 \\u0432\\u0440\\u0435\\u043c\\u044f: 2025-09-13 22:11 \\u0422\\u0435\\u043a\\u0441\\u0442: erf\\n12) \\u0414\\u0430\\u0442\\u0430 \\u0438 \\u0432\\u0440\\u0435\\u043c\\u044f: 2025-09-13 22:30 \\u0422\\u0435\\u043a\\u0441\\u0442: 1","entities":[{"offset":3,"length":13,"type":"bold"},{"offset":23,"length":6,"type":"bold"},{"offset":43,"length":13,"type":"bold"},{"offset":74,"length":6,"type":"bold"},{"offset":95,"length":13,"type":"bold"},{"offset":126,"length":6,"type":"bold"},{"offset":141,"length":13,"type":"bold"},{"offset":172,"length":6,"type":"bold"}]}}'"
DEBUG    [2025-09-13 22:15:06,965] Response for getUpdates: [200] "'{"ok":true,"result":[]}'"
DEBUG    [2025-09-13 22:15:07,073] Make request: "getUpdates" with data: "{'offset': 513136112, 'timeout': 20}" and files "None"
DEBUG    [2025-09-13 22:15:27,128] Response for getUpdates: [200] "'{"ok":true,"result":[]}'"
DEBUG    [2025-09-13 22:15:27,233] Make request: "getUpdates" with data: "{'offset': 513136112, 'timeout': 20}" and files "None"
DEBUG    [2025-09-13 22:15:47,286] Response for getUpdates: [200] "'{"ok":true,"result":[]}'"
DEBUG    [2025-09-13 22:15:47,390] Make request: "getUpdates" with data: "{'offset': 513136112, 'timeout': 20}" and files "None"
DEBUG    [2025-09-13 22:16:07,445] Response for getUpdates: [200] "'{"ok":true,"result":[]}'"
DEBUG    [2025-09-13 22:16:07,552] Make request: "getUpdates" with data: "{'offset': 513136112, 'timeout': 20}" and files "None"
DEBUG    [2025-09-13 22:16:27,605] Response for getUpdates: [200] "'{"ok":true,"result":[]}'"
DEBUG    [2025-09-13 22:16:27,709] Make request: "getUpdates" with data: "{'offset': 513136112, 'timeout': 20}" and files "None"
DEBUG    [2025-09-13 22:16:47,762] Response for getUpdates: [200] "'{"ok":true,"result":[]}'"
DEBUG    [2025-09-13 22:16:47,875] Make request: "getUpdates" with data: "{'offset': 513136112, 'timeout': 20}" and files "None"
INFO     [2025-09-13 22:17:02,896] Stop polling...
WARNING  [2025-09-13 22:17:02,897] Goodbye!
INFO     [2025-09-13 22:17:02,897] Bot: Note Bot [@NNNoteBot]
DEBUG    [2025-09-13 22:17:02,897] Make request: "getWebhookInfo" with data: "{}" and files "None"
DEBUG    [2025-09-13 22:17:03,044] Response for getWebhookInfo: [200] "'{"ok":true,"result":{"url":"","has_custom_certificate":false,"pending_update_count":0,"allowed_updates":["message"]}}'"
DEBUG    [2025-09-13 22:17:03,044] Make request: "deleteWebhook" with data: "{'drop_pending_updates': True}" and files "None"
DEBUG    [2025-09-13 22:17:03,090] Response for deleteWebhook: [200] "'{"ok":true,"result":true,"description":"Webhook is already deleted"}'"
WARNING  [2025-09-13 22:17:03,090] Updates were skipped successfully.
INFO     [2025-09-13 22:17:03,091] Start polling.
DEBUG    [2025-09-13 22:17:03,091] Make request: "getWebhookInfo" with data: "{}" and files "None"
DEBUG    [2025-09-13 22:17:03,140] Response for getWebhookInfo: [200] "'{"ok":true,"result":{"url":"","has_custom_certificate":false,"pending_update_count":0,"allowed_updates":["message"]}}'"
DEBUG    [2025-09-13 22:17:03,140] Make request: "getUpdates" with data: "{'timeout': 20}" and files "None"
ERROR    [2025-09-13 22:17:03,191] Cause exception while getting updates.
Traceback (most recent call last):
  File "C:\Users\georg\PycharmProjects\NoteBot\.venv\lib\site-packages\aiogram\bot\api.py", line 139, in make_request
    async with session.post(url, data=req, **kwargs) as response:
  File "C:\Users\georg\PycharmProjects\NoteBot\.venv\lib\site-packages\aiohttp\client.py", line 1167, in __aenter__
    self._resp = await self._coro
  File "C:\Users\georg\PycharmProjects\NoteBot\.venv\lib\site-packages\aiohttp\client.py", line 586, in _request
    await resp.start(conn)
  File "C:\Users\georg\PycharmProjects\NoteBot\.venv\lib\site-packages\aiohttp\client_reqrep.py", line 905, in start
    message, payload = await protocol.read()  # type: ignore[union-attr]
  File "C:\Users\georg\PycharmProjects\NoteBot\.venv\lib\site-packages\aiohttp\streams.py", line 616, in read
    await self._waiter
aiohttp.client_exceptions.ClientOSError: [Errno 1] [SSL: APPLICATION_DATA_AFTER_CLOSE_NOTIFY] application data after close notify (_ssl.c:2702)

During handling of the above exception, another exception occurred:

Traceback (most recent call last):
  File "C:\Users\georg\PycharmProjects\NoteBot\.venv\lib\site-packages\aiogram\dispatcher\dispatcher.py", line 382, in start_polling
    updates = await self.bot.get_updates(
  File "C:\Users\georg\PycharmProjects\NoteBot\.venv\lib\site-packages\aiogram\bot\bot.py", line 110, in get_updates
    result = await self.request(api.Methods.GET_UPDATES, payload)
  File "C:\Users\georg\PycharmProjects\NoteBot\.venv\lib\site-packages\aiogram\bot\base.py", line 236, in request
    return await api.make_request(await self.get_session(), self.server, self.__token, method, data, files,
  File "C:\Users\georg\PycharmProjects\NoteBot\.venv\lib\site-packages\aiogram\bot\api.py", line 142, in make_request
    raise exceptions.NetworkError(f"aiohttp client throws an error: {e.__class__.__name__}: {e}")
aiogram.utils.exceptions.NetworkError: Aiohttp client throws an error: ClientOSError: [Errno 1] [SSL: APPLICATION_DATA_AFTER_CLOSE_NOTIFY] application data after close notify (_ssl.c:2702)
